id,src_lang,tgt_lang,source_text,target_text,domain
luhya_multi_201_multi_eng,eng_Latn,rag_Latn,There was peace with Jabin your leader who sits on the skins of Canaan until he was afflicted by those who walk to Jabin chief of Canaan,"17 gwa li netsingulu ku Jabin mwami wa Mwinye avikalanga ku visero Kanani,kuduka iwa va dividza Nomwinye ava gendaga ku jabin mwami wa Kanani.",Conversational
luhya_multi_399_multi_eng,eng_Latn,rag_Latn,Kavili child of Nyambura,A - Kavili? -Kavili Nyambura,Conversational
luhya_multi_36_multi_eng,eng_Latn,rag_Latn,Let him be brought to go around.,""" kho ererwe obotookhelesie.",Conversational
luhya_multi_211_multi_eng,eng_Latn,rag_Latn,And Jael put her hand,18 Na Jaeli ya vika mmkono gugwo.,Conversational
luhya_multi_96_multi_eng,eng_Latn,rag_Latn,"And I told him that, do not fear, you too return and go to the forest, those people are not there.","""Nese namuboolela ndi, 'Mukharia Nenywe kobolayo muche mu sichiimi babaandu abo tawe.",Conversational
luhya_multi_87_multi_eng,eng_Latn,rag_Latn,And if you find a bird's nest in a tree.,"""Ne onyoola siswi sie nyuni khumurongoro.",Conversational
luhya_multi_376_multi_eng,eng_Latn,rag_Latn,"The Lord has cast off his altar, He has abhorred his sanctuary.","7 Yahova ya ta ubwali bwibwe, kandi ya ta hatakatifu hehe.",Conversational
luhya_multi_97_multi_eng,eng_Latn,rag_Latn,This is what made the Luhya say that 'a child surpasses their mother in intelligence.',“Neshichilanga Abaluyia nibaboola mbu “Namwana ahila nyina amachesi”,Conversational
luhya_multi_225_multi_eng,eng_Latn,rag_Latn,"Because the leaders led in Israel, there they spread the message because the people gave themselves good and pleasing deeds","2 Kigira avanene avimiri mi Israeli, Ha zaa va la landidza amakuva",Conversational
luhya_multi_129_multi_eng,eng_Latn,rag_Latn,YOU HAVE CONCEIVED THE PREGNANCY OF KYUMU. Also the moon has its blood and it flows and it is RAIN. RAIN burns the moon and cleanses the moon and makes the moon grow fat,"""UHELIDZI INDA YE KYUMU” Kandi umweli goveye na masahi gagwo gagutsitsa mu nago ni “IMBULA” IMBULA etsoma umweli kandi ilavitsa umweli kandi ekomelitsa umweli.",Conversational
luhya_multi_11_multi_eng,eng_Latn,rag_Latn,Oh! That grandmother suffered and felt pain and more suffering,". O! Leka gave! Leka! Mukeere uyo yilduuda, niyigibula viguma, naakuba kivi naasaalira ligali.",Conversational
luhya_multi_386_multi_eng,eng_Latn,rag_Latn,The Lord has purposed to destroy the wall of the daughter of Zion.,8 Yahova u saaviye kwononnya lidigi lyomukana wa Zioni.,Conversational
luhya_multi_59_multi_eng,eng_Latn,rag_Latn,'Now today I have decided to take revenge for what you did to my children.',“Khalano nyaingaino ndakhaamua khulipsya ngekulo wakholere banabanga.”,Conversational
luhya_multi_75_multi_eng,eng_Latn,rag_Latn,You will plant many seeds and during the day you will harvest only a few that come out of yours because locusts will eat then you will be completely lost.,"""Mulamiicha bumiicho bukali ne kumuusi mulakesa busa bikeekhe bibiaamo bienywe sikila chisike chilalia mala mulatiimatiima busa.",Conversational
luhya_multi_135_multi_eng,eng_Latn,rag_Latn,She went to Nairobi to Simiyu.,"“Yatsia e Nairobi, ewa Simiyu.",Conversational
luhya_multi_45_multi_eng,eng_Latn,rag_Latn,Two people were fighting while the wife of one was watching them fight.,“Babaandu babili baaba ne bapaana mala omukhasi owa mulala aloleleele ne balikho bapana.,Conversational
luhya_multi_373_multi_eng,eng_Latn,rag_Latn,"Her nobles were purer than snow, they were whiter than milk.","7 Avanene veve va li avesiyeku kuvita likonza, Va li avalavu kuvita maveere.",Conversational
luhya_multi_278_multi_eng,eng_Latn,rag_Latn,He has cut off in fierce anger every horn of Israel.,3 Lwiga lwosi kwa Israeli u lu kalagi mu butima bwibwe bululu.,Conversational
luhya_multi_232_multi_eng,eng_Latn,rag_Latn,A man in his widowhood used to live in a sleeping room. A woman used to live in a cattle shed.,2. Mundu musatsa yakunzakalilanga ivuliri. Mundu mukali ya kunzakalilanga mu kego.,Conversational
luhya_multi_380_multi_eng,eng_Latn,rag_Latn,You read the story of the cross,75 WA SOMA LUGANO LWO MUSALA,Conversational
luhya_multi_80_multi_eng,eng_Latn,rag_Latn,"You were obeying God, anyone who perverts the justice of the orphan and widow be cursed","""Mwaaba ne muria Wele ""Omundu yesi yesi otiimia bung'ali Wobwo omukwa omufuubi ne namulekhwa alaamwe.",Conversational
luhya_multi_17_multi_eng,eng_Latn,rag_Latn,"All these get sick when rain wants to fall, but there is a bird called ITSIMILI which when it arrives at 3 o'clock in the morning comes singing, so water returns and dew returns abundantly.",". Vyosi ndio vilwala ku imbula ikuba anaho kandi amanyonyi gavalanga ITSIMILI niduka mutsisaa tsivaga tsio mugamba, gavungananga halala mukekonya nigimba, imbula niyavita, imbula imanya ikuba.Kandi imigera jitange kusinuka amatsi, iliime liva ilinyingi kuvulimu",Conversational
luhya_multi_392_multi_eng,eng_Latn,rag_Latn,And he said truly I will go with you,"9 Naye ya vola, Ligali inze nda tsia huuma nengubo",Conversational
luhya_multi_241_multi_eng,eng_Latn,rag_Latn,Showing others your nakedness.,20. Kutulamila wundi.,Conversational
luhya_multi_1_multi_eng,eng_Latn,rag_Latn,We have many parents who sit speaking Kimarachi which makes people complain.,:huri nende bebusi bangi ebehalanga husunga lumarachi likiranga bandu bathia hulalamika.,Conversational
luhya_multi_397_multi_eng,eng_Latn,rag_Latn,What kind of people are these?,9. Aviguliri nivandu valuganoki?,Conversational
luhya_multi_117_multi_eng,eng_Latn,rag_Latn,Any person who sleeps with his mother-in-law let him be cursed.,"""Omundu yesi yesi okona ne masalaawe alaamwe.",Conversational
luhya_multi_237_multi_eng,eng_Latn,rag_Latn,"Look, O Lord, and consider! To whom have you done this?","20 Lola, o, Yahova, Henza, Ni bwaha wa u koleye ndiyo!",Conversational
luhya_multi_264_multi_eng,eng_Latn,rag_Latn,The Almighty God will make every time you will be above other tribes.,"25""Wele Omunyali Owa Bioosi alakhola buli lwosi mulaba angaaki we chikholo chichiindi.",Conversational
luhya_multi_107_multi_eng,eng_Latn,rag_Latn,MY CHICKEN,ENGOKO YANGE.,Conversational
luhya_multi_396_multi_eng,eng_Latn,rag_Latn,Better are those who were killed by the sword than those killed by famine.,9 Yavo aviitangwa nekivavi vaveye bulahi kuvita avenzala yitanga.,Conversational
luhya_multi_378_multi_eng,eng_Latn,rag_Latn,Having sexual relations with a clan member.,7. Kogona nu mwiiko.,Conversational
luhya_multi_301_multi_eng,eng_Latn,rag_Latn,Cutting and drawing blood from a person.,37. Kotema no kutazitsa wundi logoma.,Conversational
luhya_multi_60_multi_eng,eng_Latn,rag_Latn,Remember how the Amalekites made them work like slaves.,"""Khebulila niko Baameleki bamukhosia kimilimo nga banasioobi.",Conversational
luhya_multi_315_multi_eng,eng_Latn,rag_Latn,4. A man staying in the kitchen.,4. Musatsa kugunza ivwasi.,Conversational
luhya_multi_119_multi_eng,eng_Latn,rag_Latn,Anyone who sleeps with his father's wife be cursed,"""Omundu yesi yesi okona nende mkha rarawe alaamwe.",Conversational
luhya_multi_116_multi_eng,eng_Latn,rag_Latn,Anyone who sleeps with an animal should be cursed.,"""Omundu yesi yesi okona ne esaang'i alaamwe.""",Conversational
luhya_multi_265_multi_eng,eng_Latn,rag_Latn,He is waiting for us in heaven,A khulindira mwigulu.,Conversational
luhya_multi_161_multi_eng,eng_Latn,rag_Latn,They ravage women in Zion.,11 Vononnya vakali netsingulu muzioni.,Conversational
luhya_multi_144_multi_eng,eng_Latn,rag_Latn,1. Cutting bananas using an axe.,1. Kotema ligomia nimbatsi..,Conversational
luhya_multi_310_multi_eng,eng_Latn,rag_Latn,"The roads leading to Zion mourn because there is no one coming to its appointed feasts; All its gates have become desolate, its priests groan with bitterness","4 Tsinzira tsya zioni tsi syomanga kigira si ha veye nomundu udza mu lisavo lyelidiku linene; Viribwa vivye vyosi vi gwiye hatswa , avasalisi veve VA menyanga.",Conversational
luhya_multi_58_multi_eng,eng_Latn,rag_Latn,remember the lesson that what you are doing does not benefit,“itsulila oluechelo mbu omwikholelela shikufubanga tawe”,Conversational
luhya_multi_79_multi_eng,eng_Latn,rag_Latn,You will do evil and he will make you become a holy tribe as God gave you hope.,"""Mwaaba ne mukhola kamabi ne akhole enywe mube ekholo endakatifu nga wele ne aamusuubisia enywe.",Conversational
luhya_multi_28_multi_eng,eng_Latn,rag_Latn,"Today, just go like that. Don't turn even a little.",'Endaalo yino mucha se khulaukhakho tawe.,Conversational
luhya_multi_85_multi_eng,eng_Latn,rag_Latn,"""Ndemeye, Ndemeye""","“Ndemeye a ndemeye”,",Conversational
luhya_multi_383_multi_eng,eng_Latn,rag_Latn,May He heal us,A kha khu honia nesisa sie.,Conversational
luhya_multi_151_multi_eng,eng_Latn,rag_Latn,"The enemy has laid hands on all her treasures,",10 Mudamdidzi u nyiye mukono gigwe ku vindu vivye vyosi vyokuyanzidza.,Conversational
luhya_multi_183_multi_eng,eng_Latn,rag_Latn,The yoke of my transgressions is bound by his hand.,"14. Inira ya mahyolo gange, mukono gwigwe gu gi bohi.",Conversational
luhya_multi_25_multi_eng,eng_Latn,rag_Latn,"At that time I commanded you all that we give to your ancestors Abraham, Isaac and Jacob, you ought to do.","' Siise esio ese namulaka koosi niko khua bakuuka benywe Aburahamu, Isaaka ne Yakobo mukhoyela khukhola.",Conversational
luhya_multi_175_multi_eng,eng_Latn,rag_Latn,"He sent fire from above into my bones, and it overpowered me.","13 Ya vika muliru mu vigumba vyange ku twula migulu, nagwo vi guuta.",Conversational
luhya_multi_49_multi_eng,eng_Latn,rag_Latn,"""Israelites, obey all the laws that were given to you by the Almighty God.","""Baisiraeli, ria kamalaka koosi niko Wele Omunyali amwekisia mwesi.""",Conversational
luhya_multi_297_multi_eng,eng_Latn,rag_Latn,A wife taking water to a pot or cooking ugali using the stones of the mother-in-law if she has not yet given birth to a male child.,35. Mukali kuhila amazi muchasiongo naho kuluga uvuchima ku mahiga ga navizala weve nakikiri kwivula ho mwana muyai.,Conversational
luhya_multi_340_multi_eng,eng_Latn,rag_Latn,The mountains melted before them which belonged to God,"5 Vigulu vya degera imbiri wal avekitinya kyavo ki veye mu Yahova,",Conversational
luhya_multi_73_multi_eng,eng_Latn,rag_Latn,"Do not hate the Edomites, who are women or men who make your communities.","“Mukhabiila Baedomu tawe, bali bakhasi namwe owe siseecha okhola balebe benywe.",Conversational
luhya_multi_344_multi_eng,eng_Latn,rag_Latn,5. Beating a grandson or great-grandchild.,5. Kukuya mwisukulu naho navizala.,Conversational
luhya_multi_42_multi_eng,eng_Latn,rag_Latn,They have no commitment Aniiogoke,"""Avaveeye Evologovo Aniigoke",Conversational
luhya_multi_295_multi_eng,eng_Latn,rag_Latn,Going to a place of celebration after coming from a funeral.,34. Kutsia hanyangi eveeye nutula halukuzu.,Conversational
luhya_multi_321_multi_eng,eng_Latn,rag_Latn,We have sinned and rebelled and you have not forgiven.,"42 Ku site lwako nokwebaala, ive si u sameha mba.",Conversational
luhya_multi_33_multi_eng,eng_Latn,rag_Latn,No person among the people of this unrighteous generation will see us being good.,'Se aliio omundu khu baandu be selukho emayaanu yino okhabone akhuelesia efwe kali kamalayi.,Conversational
luhya_multi_155_multi_eng,eng_Latn,rag_Latn,What do you learn from this story?,10. Lugano yiru lukwigitsangaki?,Conversational
luhya_multi_127_multi_eng,eng_Latn,rag_Latn,He has pierced my heart with arrows from his quiver.,13 U ndasi nemibano gye imodia yeye mu kikenge kyange.,Conversational
luhya_multi_184_multi_eng,eng_Latn,rag_Latn,14. Looking at mother-in-law or father-in-law in the throat.,14. Kohenza navizala kumulugu.,Conversational
luhya_multi_171_multi_eng,eng_Latn,rag_Latn,12. A wife sitting on her husband's chair.,12. Mukali kwik ala kondeve yo musatsa.,Conversational
luhya_multi_81_multi_eng,eng_Latn,rag_Latn,"You answered me saying, we have done as it will be good, he himself will fight for him.","""Mwangobosia muli, 'Khwakholile ngrira mala kalaba bulayi bwene omwene alamupanila.",Conversational
luhya_multi_104_multi_eng,eng_Latn,rag_Latn,Do not muzzle the ox's mouth when you are using it to eat food.,"""Okhaboa eeyi emunwa ne olikho okirumikhira khuulia biakhulia tawe.",Conversational
luhya_multi_34_multi_eng,eng_Latn,rag_Latn,"They were given pasture, fodder and forest things.",""" balaelesibwa kamayilo, chinyanyilo nende bie munda.",Conversational
luhya_multi_275_multi_eng,eng_Latn,rag_Latn,"Even jackals offer their breasts, and nurse their young.","3 Kali vibwe vi twulidza tsimbeere, nokunyuunya avana vavyo.",Conversational
luhya_multi_354_multi_eng,eng_Latn,rag_Latn,"O Lord, you took up my cause, you redeemed my life.","58 O Yahova, u Veri amakuva go mwoyo gwang, u tungiye livamwoyo lyange.",Conversational
luhya_multi_199_multi_eng,eng_Latn,rag_Latn,"But they called Barak son of Abinoam to fulfill so he could pursue his own chariots from Kedesh-naphtali, and he told me about his battles reaching Harosheth of God, the Lord of Israel, not tribes but all of Sisera's battles which he gave permission and said go to the remaining hill of Tabor and take along with one man to have ten thousand children.","16 Navutswa Ba langa Baraka mwana wa Abinoam ku-raka ya Londerera magari zana, twula Kedesh-nafitali, na a mbolera, nelihe, lilye, kuduka Haroshethu lya Yahova, Nyasaye wa Israeli,si ya Tsihiri; nelihe lyosi lya Sisera lyaya haana munwa,na a vola, Utsie ku yuwa nobwogi bwekivali: Si ha tigala kigulu kya Taboru,na u hile halala nomundu kali mulala.nive avandu tsielfu likumi tsyavana",Conversational
luhya_multi_76_multi_eng,eng_Latn,rag_Latn,"""My friend is lost""","“Mulina wange ogoti”,",Conversational
luhya_multi_353_multi_eng,eng_Latn,rag_Latn,"You came near when I called, and you said, ""Do not fear.","57 Wesunda ku inze ku lidiku Lya nda kwanira, na wa mbolera, u ta Tia mba.",Conversational
luhya_multi_143_multi_eng,eng_Latn,rag_Latn,Side issues,1 tsya haluvega.,Conversational
luhya_multi_7_multi_eng,eng_Latn,rag_Latn,"To know who won, they let the knocked down one back in so he can also knock him down and then they separate.",. Kumanyia uguteywi vingirizana kandi atuulwe naho naye atuule ma vavukana.,Conversational
luhya_multi_48_multi_eng,eng_Latn,rag_Latn,Two Israelites can be left by a person who doesn't want his brother's lineage to continue.,"""Baisiraeli babili banyala baabalekha khu mundu okhenya lisaaye lia wandaaye lichililile tawe.",Conversational
luhya_multi_389_multi_eng,eng_Latn,rag_Latn,Why did these people die?,8. Kigiraki aviguliri vaakutsa?,Conversational
luhya_multi_252_multi_eng,eng_Latn,rag_Latn,Unless you have rejected us completely; You are very angry with us.,22 Navutswa u kusuye ligali u veye nobutima bunene ku kwinye.,Conversational
luhya_multi_228_multi_eng,eng_Latn,rag_Latn,He has led me and brought me into darkness but not into light.,"2 Ya nzimirira nokungendidza mukisundi, si mwa li mu bulavu.",Conversational
luhya_multi_370_multi_eng,eng_Latn,rag_Latn,"You will pursue them with anger, and destroy them so they are no more under the Lord's heavens.","66 U la VA londerera nobutima, nokuvadividza va twule VA vuli kuva isi weligulu Lya Yahova.",Conversational
luhya_multi_178_multi_eng,eng_Latn,rag_Latn,The visions of your prophets were false and worthless.,"14 Avaprofeti vovo VA KU koleye amalola, amalola ga vutswa na govusiru.",Conversational
luhya_multi_288_multi_eng,eng_Latn,rag_Latn,Sleeping in your parents' bed when you are an adult.,31. Kogona muvogono vwa vivuli vovo noveeye mundu uduuki.,Conversational
luhya_multi_4_multi_eng,eng_Latn,rag_Latn,Indede let them see the children help with what you have obtained x2,. Indede balole abana baeresiekho siria sia onyorere x2,Conversational
luhya_multi_20_multi_eng,eng_Latn,rag_Latn,My river never runs out of water - Death is there,".Kidaho change kigetsa amatsi dave - Kukutsaa, kulitsaa",Conversational
luhya_multi_379_multi_eng,eng_Latn,rag_Latn,Where were they buried?,7. Yaata kaliki aviguliri?,Conversational
luhya_multi_251_multi_eng,eng_Latn,rag_Latn,"And behold, when the son of Abinoam had finished climbing the mountain. Baraka followed Sisera, Jael went to Mount Tabor","22 Na, henza lwa mwana wa Abinoam u mali kwanegera Baraka ya londa Sisera, Jaeli ya tsia mkigulu",Conversational
luhya_multi_180_multi_eng,eng_Latn,rag_Latn,And Deborah told him,14 Na Debora ya volera,Conversational
luhya_multi_66_multi_eng,eng_Latn,rag_Latn,"""The one who stole money today will see""","""Lero waavugula tsisiringi alalola.""",Conversational
luhya_multi_249_multi_eng,eng_Latn,rag_Latn,"Because of the Lord's great love we are not consumed, for his compassions never fail.","22 Ga veye KU tsimbavasi tsya Yahova tsi kiranga Ni KU vula kuheridzwa, kigira tsimbavasi tsitsye si tsi gehanga mba.",Conversational
luhya_multi_355_multi_eng,eng_Latn,rag_Latn,"You have seen, O Lord, the wrong done to me. Judge my case!","59 O Yahova, u Loli likolerwa lidamano lyange, kalaga likuva lyange.",Conversational
luhya_multi_111_multi_eng,eng_Latn,rag_Latn,"A person can become an enemy to the almighty God, my God, then hide waiting to attack where he gives you, even though his companion who killed him then fled from you, clear the road then to one of those cities.","""Omundu anyala aaba omusiku khu Wele Omunyali Owa Bioosi, Wele wasie, mala ekise alindiilile ebwaakala alikho amuelesia enywe khuuba owasie oyo amwire, mala elukhile ewenywe, 'Lima kimiyila mala mu lulala khu ngoba echo.",Conversational
luhya_multi_93_multi_eng,eng_Latn,rag_Latn,"And if you lend money, or food or anything else while guarding the camp of your fellow Israelite, even if he charges interest.","""Ne wikopia chirupia, namwe siakhulia namwe sisindu sisiindi siosi siosi khu Khuliinda ekambi eye Muisiraeli wasio, okharaakho bukhala.",Conversational
luhya_multi_234_multi_eng,eng_Latn,rag_Latn,They develop pronunciation when students are speaking,2.Kuvilukitsa lulimi ne limoloma lia vaana,Conversational
luhya_multi_337_multi_eng,eng_Latn,rag_Latn,For the iniquity of the daughter of my people is greater than the sin of Sodom.,6 Ubudamano bwomukana wa avandu vange bu veye bunene kuvita ubwoni bwa sodoma.,Conversational
luhya_multi_121_multi_eng,eng_Latn,rag_Latn,The mediator will not receive a wide basket and a small one.,“Omusaayi alakaanila sikono sibalaayi ne sitiiti tawe.,Conversational
luhya_multi_221_multi_eng,eng_Latn,rag_Latn,Taking fire from neighbors if you are bereaved.,19. Kutsia kwanzala muliru mu vatende niva ukuziywi.,Conversational
luhya_multi_213_multi_eng,eng_Latn,rag_Latn,They hunt our steps so that we cannot go in our streets.,18 Va himanga tsinduvatiru tsyetu sikunyala kugenda ku tsinzira tsyetu.,Conversational
luhya_multi_381_multi_eng,eng_Latn,rag_Latn,Slaves rule over us.,8 Avatumekiri vamehanga ku kwinye.,Conversational
luhya_multi_374_multi_eng,eng_Latn,rag_Latn,"And I bring you closer, I will show you Jael wife of Heber the Kenite; of Kishon, Sisera, the great one of war because there was no peace between Jabin together with his chariots except Jabin the chief of Hazor, and many houses of his people; I gave to Heber the Kenite.","7 Na inze nda ku sundira, ha mugera Jaeli mukali wa Heberi Mukeni;gwa Kishon, Sisera,munene welihe kigira ha li nemirembe hagati ha lya Jabin, halala na magari gege nobu-Jabin mwami wa Hazoru,nenyumba nyingi bwavandu veve;nan da mu ya Heberi Mukeni.",Conversational
luhya_multi_283_multi_eng,eng_Latn,rag_Latn,3. Going to a place where people are pounding millet without having business with them.,3. Kutsia ahavandu vahuulanga ovolo nivatangi lihuula nutavee.,Conversational
luhya_multi_326_multi_eng,eng_Latn,rag_Latn,A woman milking a cow,44. Mukali kokela eng'ombe.,Conversational
luhya_multi_78_multi_eng,eng_Latn,rag_Latn,"You can steal to say, of fulfilling provocation when present we know how your message is.","""Munyala mweba asia muli, lwe khurumikhira kamayia akhabao Khumanya khuriena burume bwowo.",Conversational
luhya_multi_248_multi_eng,eng_Latn,rag_Latn,A wife who is still a guest going to the kitchen at her in-laws.,21. Mukali ukikiri mwiha kutsia ivwasi wa navizala.,Conversational
luhya_multi_113_multi_eng,eng_Latn,rag_Latn,"A person who has a wife whom he has recently married, then you are found to be going to war or doing work, you are evil.","""Omundu ne ali no mukhasi omwea, mala ewe onyoolekhe khuuba khocha mwiie, namwe akhole kimilimo oli omumayaanu.",Conversational
luhya_multi_18_multi_eng,eng_Latn,rag_Latn,The elders studied at eight o'clock while the children studied during the day.,. Yavandu vakulundu isaa ya mugolova inyima wa saa nane. Na vana mugamba isaa ya mbasu.,Conversational
luhya_multi_69_multi_eng,eng_Latn,rag_Latn,There is no one who loves himself or helps himself.,“Mbao omundu oweyasiima namwe khukhwiyeeta.,Conversational
luhya_multi_156_multi_eng,eng_Latn,rag_Latn,All her people groaned as they searched for food.,11 Avandu veve vosi lwa venyanga kwenya vyokulia.,Conversational
luhya_multi_9_multi_eng,eng_Latn,rag_Latn,VILLAGE: TINGOLO,. LUKONGO: TINGOLO,Conversational
luhya_multi_21_multi_eng,eng_Latn,rag_Latn,We met with grandfather with a black coat - Lice,.Kwagani na guga ne likoti limwamu - Lugiita,Conversational
luhya_multi_140_multi_eng,eng_Latn,rag_Latn,(I know that you have cattle.,(manyile ndi muli ne chikhaafu),Conversational
luhya_multi_356_multi_eng,eng_Latn,rag_Latn,He has violently taken away his dwelling place as if it were a garden; He has destroyed his place of assembly.,"6 U twulizi netsingulu hokumenya hehe, kuli ha zana ha li milimi vutswa wononnyi hokuvugana hehe.",Conversational
luhya_multi_350_multi_eng,eng_Latn,rag_Latn,"water covered over my head, and I thought I was about to be cut off.","54 Amadzi ga viti igulu womutwe gwange, Nda vola, mmali kuheridzwa.",Conversational
luhya_multi_134_multi_eng,eng_Latn,rag_Latn,God the Almighty heard us return and bring us then we complain wanting the fruits they will get there.,"""Wele Omunyali Owa Bioosi aulila Khukobola bakhureerera efwe mala khukhwelung'unya khwenywe mala khu matuunda niko banyoolayo.",Conversational
luhya_multi_185_multi_eng,eng_Latn,rag_Latn,And the chiefs of Issachar were together with the leaders to take the people,"15 Avanene va iskari va li halala na tsinene tsya li bugura avandu,",Conversational
luhya_multi_294_multi_eng,eng_Latn,rag_Latn,To crush underfoot all prisoners of the earth.,34 Ku va duvagira isi wevirenge vyavo ava bofwa vosi vomu lirova.,Conversational
luhya_multi_387_multi_eng,eng_Latn,rag_Latn,"Even when I call out or cry for help, he shuts out my prayer.","8 Yee, Ni nkupa lwanga nokwenya mukonyi, a haniranga kyova lisaala lyange.",Conversational
luhya_multi_299_multi_eng,eng_Latn,rag_Latn,Sitting on a grave and eating there and drying food.,36. Kwikala ku kilindwa nu kulilaku nu kuvagala ku viukulia.,Conversational
luhya_multi_63_multi_eng,eng_Latn,rag_Latn,Death announcement.,"""Kumulaasi kwe luufu""",Conversational
luhya_multi_82_multi_eng,eng_Latn,rag_Latn,The 'MOON' so she can go and conceive.,“MWELI” ku atsie kuhelitsa.,Conversational
luhya_multi_287_multi_eng,eng_Latn,rag_Latn,For people are not cast away by the Lord forever.,31 Kigira Yahova si a la ta mihiga nemihiga.,Conversational
luhya_multi_307_multi_eng,eng_Latn,rag_Latn,"At that time Deborah, a prophet, where was she?","4 24 4 Inyinga yeyo Debora,muprofeti, wowo?",Conversational
luhya_multi_280_multi_eng,eng_Latn,rag_Latn,"Judah has been exiled because of oppression, and because of great bondage","3 Yuda u tsiye mu lyadikidzwa kigira lidambidzwa , Kandi kigira ubutugwa bunene;",Conversational
luhya_multi_160_multi_eng,eng_Latn,rag_Latn,"He has turned aside my ways and torn me to pieces, and made me desolate.","11 U girunkanyi Tsinzira tsyange nokuntandulanya, na u nkoli kuva hatswa.",Conversational
luhya_multi_112_multi_eng,eng_Latn,rag_Latn,A person can marry your wife and make Miriam as you were.,"""Omundu anyala aakhwa omukhasi wenywe akhola Miriamu nga ne mwaba.",Conversational
luhya_multi_19_multi_eng,eng_Latn,rag_Latn,"Our Indede is happy, then the guests are happy x2",.Indede wefwe sangala kho abakeni basangale x2,Conversational
luhya_multi_256_multi_eng,eng_Latn,rag_Latn,"So God defeated Baraka, arise because today Jabin the Lord of Canaan before God put Sisera in the hand of the children of Israel so that day God did not go ahead","23 kunangwa Nyasaye ya guuta Baraka, Vuka ;kigira ku lidiku yili Jabin mwami wa Kanani imbiri wa Yahova u viki Sisera mmukono avana va Israeli ku lidiku yilyo, gugwo;Yahova si ya tsia imbiri |24 Na mukono gwavana va Israeli",Conversational
luhya_multi_27_multi_eng,eng_Latn,rag_Latn,The town elders used to call that person and then speak with him.,'Babemeelesi be lukoba balalaanga omundu oyo mala balomalome naye.,Conversational
luhya_multi_364_multi_eng,eng_Latn,rag_Latn,"You have seen the depth of their vengeance, and all their evil plots against me.","60 Ive u Loli kisalya kyavo kyosi, na lisaavira lyavo lyosi Lya vasaviira ku inze.",Conversational
luhya_multi_352_multi_eng,eng_Latn,rag_Latn,"You heard my prayer: ""Do not close your ears to my cry for help.","56 Was hulira mwoyo gwange, u ta Visa ugutu gugwo ku miyika gyange, KU lilira lyange.",Conversational
luhya_multi_395_multi_eng,eng_Latn,rag_Latn,Her gates have sunk into the ground; He has destroyed and broken her bars.,9 Viribwa vivye vya sikira hasi ya dividza nokuvunanya miluguyu gyavyo.,Conversational
luhya_multi_382_multi_eng,eng_Latn,rag_Latn,"Their appearance is blacker than soot, they are not recognized in the streets.","8 Ligondo lyavo li veye limwamu kuvita Amanda, si va manyekananga ku tsinzira.",Conversational
luhya_multi_361_multi_eng,eng_Latn,rag_Latn,6. Sitting on a chair reserved for grandfather.,6. Kwikala kondeve ya guga wovo.,Conversational
luhya_multi_313_multi_eng,eng_Latn,rag_Latn,"Lord, when you came out from your Seir, you child of Abinoam. When you walk coming from the field","4 Yahova, Iwa ive u twula mu Seiru ,lilyo , umwana wa Abinoam.Lwa u genda kutwula mu mulimi 13 Hene yahoo iya sulunguta litigala",Conversational
luhya_multi_148_multi_eng,eng_Latn,rag_Latn,The elders of the daughter of Zion sit on the ground and keep silence.,"10 Avakulundu vomukana wa zioni vikaye hasi, va kiringani makiriri.",Conversational
luhya_multi_327_multi_eng,eng_Latn,rag_Latn,You have made us scum and refuse among the nations.,45 U koli kuva kuli amandu na vindu vya tebwa hagati ha avandu.,Conversational
luhya_multi_179_multi_eng,eng_Latn,rag_Latn,from Ephraim they came down,14 kutwula mu Efiraimu va sulunguta,Conversational
luhya_multi_122_multi_eng,eng_Latn,rag_Latn,That second husband too.,"""Omuseecha owe khabili oyo yesi.",Conversational
luhya_multi_195_multi_eng,eng_Latn,rag_Latn,The crown has fallen from our heads.,16 Itaji yaguluki kutula ku mitwe gyetu.,Conversational
luhya_multi_205_multi_eng,eng_Latn,rag_Latn,"You have removed my soul far from peace, I have forgotten prosperity.","17 U Mali kuvika mwoyo gwange gu ve ihale nemirembe, nziviriye ligasidzwa.",Conversational
luhya_multi_348_multi_eng,eng_Latn,rag_Latn,Those who were my enemies without reason have hunted me like a bird.,"52 Va himanga inze kuli linyonyi li himangwa, Ava veye avasigu vange bukira kivuni.",Conversational
luhya_multi_240_multi_eng,eng_Latn,rag_Latn,"And he told him, let me go to Kedesh together with Barak","20 Naye ya mbolera, ive u tsia Kedesh halala na Baraka.",Conversational
luhya_multi_358_multi_eng,eng_Latn,rag_Latn,"In the days of Shamgar son from Zebulun, he captured them","6 Mu madiku ga Shamigari mwana Nokutwula Zebuloni, ava guni",Conversational
luhya_multi_39_multi_eng,eng_Latn,rag_Latn,Or his father be cursed,""" namwe raraawe tawe alaamwe.""",Conversational
luhya_multi_142_multi_eng,eng_Latn,rag_Latn,We pray to you Oh Bethlehem,"0, Mwana wa Bethelehemu ku saala ku lve;",Conversational
luhya_multi_293_multi_eng,eng_Latn,rag_Latn,A woman eating from milk where she was married and has not yet given birth to a child there.,33. Mwiha kuliira amaveere hayatsia nakikiri kwivula họ mwana.,Conversational
luhya_multi_158_multi_eng,eng_Latn,rag_Latn,"Then Jael wife of Heber the Kenite got up and took one tent peg and took a hammer in her hand and went to the children of Hobab, Moses' father-in-law, to him slowly and struck him with a weapon and pitched her tent which is very far from the commanders","11 Na Heberi Mukeni yavukana vugula kivambo kilala, na a vugula kutwula ku vakeni, kali kutwula ku inyundu mmkono gwigwe,nay a tsia avana va Hobabu mukwasi wa Musa, kuye galaha, nay a mukupira kiva na yombaka lihema lilye ihale kuli ha mbo zana mu lunyanyiru, nakyo kya kereremu kya zaanaim, ki veye himbi vita buvu ni kingira hasi;kigira ya li",Conversational
luhya_multi_197_multi_eng,eng_Latn,rag_Latn,"The anger of the Lord has scattered them, he will regard them no more.",16 Livihirirwa Lya Yahova li va sundi ihale si alavahenza Kandi mba.,Conversational
luhya_multi_198_multi_eng,eng_Latn,rag_Latn,"I called for my lovers, but they deceived me.","19 Nda langa avayanze vange, navutswa va ngada.",Conversational
luhya_multi_62_multi_eng,eng_Latn,rag_Latn,Why do you now want the child to share his food with you?,"“Kigiraki kalunu wenyanga umwana akuheku chokulia chiche?""",Conversational
luhya_multi_114_multi_eng,eng_Latn,rag_Latn,Anyone who accepts a bribe let it be so,"""Omundu yesi yesi ofukiilila asoya bali ""Kabe kario.",Conversational
luhya_multi_222_multi_eng,eng_Latn,rag_Latn,What words have you read?,1Usoomi mang'anaki?,Conversational
luhya_multi_176_multi_eng,eng_Latn,rag_Latn,13. Pouring water on your in-law.,13. Kwuhila mulam wa wovo amazi.,Conversational
luhya_multi_8_multi_eng,eng_Latn,rag_Latn,The rivers had very big grass.,. Lise mu vivanda lyali linene lyene,Conversational
luhya_multi_290_multi_eng,eng_Latn,rag_Latn,"Though he brings grief, he will show compassion, for his unfailing love is great.","32 Kigira Kali na a vereridza, naye Kandi a la Vera kuli ubunene bwetsimbabasi tsitsye.",Conversational
luhya_multi_277_multi_eng,eng_Latn,rag_Latn,Surely against me he turns his hand again and again the whole day long.,3 Ligali ya girunkannya mukono gwigwe ku inze Hali kanyingi mbasu Bei,Conversational
luhya_multi_153_multi_eng,eng_Latn,rag_Latn,"And he stood at the tent door, and Barak gathered together all the people, every man who comes to you, Zebulun and Naphtali went and asked and said to him there at Kedesh; and fourteen thousand people, all the people? Where will you find him there with his foot and Deborah said no, he is not there.","10 Na singire mu kiliango kyelihema, na ga Baraka ya vugannya halala avandula va ku vosi mundu ni yadza ku ive, va zebuloni na Naftali ya tsia nokukuteva, na a vola, A yeye hano Kedesh;navandu tsielfu likumi vane-mundu ku vosi? Hene yahoo u la gira ha virenge vivye:na Debora tivula, Auwa, si a veye ho.",Conversational
luhya_multi_12_multi_eng,eng_Latn,rag_Latn,You're late Florence you're late x2,. Ochelewe Florence ochelewe x2,Conversational
luhya_multi_334_multi_eng,eng_Latn,rag_Latn,A woman going to traditional healers,48. Mukali kutsia ku vukumu.,Conversational
luhya_multi_106_multi_eng,eng_Latn,rag_Latn,Then the remnants came down,13 Hene yahoo iya sulunguta litigala,Conversational
luhya_multi_84_multi_eng,eng_Latn,rag_Latn,The servant was fleeing to curse you.,"""Nasioobi aaba ne elukha khumulaama enywe.",Conversational
luhya_multi_230_multi_eng,eng_Latn,rag_Latn,"2. Sitting on a stone for grinding grain, because you will break your back.","2. Kwikala ku lugina lwavasieraku, kijira ulatula mugongo.",Conversational
luhya_multi_242_multi_eng,eng_Latn,rag_Latn,"Then he went up together with him, there Jael wife of Heber",21 Hene yanegira halala naye yahoo Jaeli mukali wa Heberi ya,Conversational
luhya_multi_302_multi_eng,eng_Latn,rag_Latn,Is it not from the mouth of the Most High that both calamities and good things come?,38 Mu munwa gwa uyu uveye igulu ligali si ha twulanga amadamano Nobulahi?,Conversational
luhya_multi_214_multi_eng,eng_Latn,rag_Latn,"The Lord is righteous, for I have rebelled against his commandment.",18 Yahova nowobulungi kigira inze nzebaaye ku lilaga lilye.,Conversational
luhya_multi_170_multi_eng,eng_Latn,rag_Latn,"Wake up, wake up, Deborah; I sing to God and thank him, wake up, wake up, sing a song","12 Vuka, Debora; sig ! Inze ndimbira Yahova lidzomi-a vuka,vuka, wimbe Iwimbu;",Conversational
luhya_multi_168_multi_eng,eng_Latn,rag_Latn,He has bent his bow and made me the target for his arrow.,"12 U nyiye buta bwibwe, nokuvika inze kuva kyokusera KU kyombano.",Conversational
luhya_multi_92_multi_eng,eng_Latn,rag_Latn,"And if you swear by God the Most High, do not change your mind.",“Ne wichuba khu Wele Omunyali kambila akhakobola tawe.,Conversational
luhya_multi_268_multi_eng,eng_Latn,rag_Latn,It is good for a person to bear the yoke while still young.,27 Nobulahi umundu aginge inira mu bwana buke bwibwe.,Conversational
luhya_multi_166_multi_eng,eng_Latn,rag_Latn,"And he told them Sisera, Baraka has died","12 Na va volera Sisera,Baraka ma ya kudza.",Conversational
luhya_multi_150_multi_eng,eng_Latn,rag_Latn,The hands of compassionate women have cooked their own children.,10 Makono ga vakali avetsimbavasi ga deki avana vavo Avene.,Conversational
luhya_multi_286_multi_eng,eng_Latn,rag_Latn,Grandfather or grandmother looking at the grave when the body of the deceased was being lowered into the grave (when they were very old).,30. Guga naho guku kohenza mukilindwa lwom’mbiri gwo mwisukulu gwikitsangwa mu kilindwa. (Gase valavakula),Conversational
luhya_multi_95_multi_eng,eng_Latn,rag_Latn,"If you build a new house, build so that he hears what happened then he will obey.","“Ne wombakha enju embia, khupila alaulila sisiekholeekhe mala alaria.",Conversational
luhya_multi_72_multi_eng,eng_Latn,rag_Latn,You have heard how Kaleefu spoke so much about how he would die.,“Muhuliile shinga Kallefu yaboola-boolanga shinga olwalifwa,Conversational
luhya_multi_126_multi_eng,eng_Latn,rag_Latn,Glory to God and peace to people,“Ubukumi Ku Nyasaye nemirembe Ku ayandu”,Conversational
luhya_multi_99_multi_eng,eng_Latn,rag_Latn,"When you enter the land which the prophet spoke, then God the Almighty of all things, your God tell the people that the thing which I am giving you","""Nga ne mulengila mu sibala nisio omung'oosi nisio alomaloma, mala Wele Omunyali Owa Bioosi, Wele wenywe boolele babaandu buli siindu nisio ese alikho amuelesia enywe, mukha- mulaka.",Conversational
luhya_multi_146_multi_eng,eng_Latn,rag_Latn,They entertain,1.Kuyanzitsa avana.,Conversational
luhya_multi_305_multi_eng,eng_Latn,rag_Latn,A child starting to harvest food in the farm without the father's permission,39. Mwana kutanga ligesa viukulia m’mulimi vujira livugilira lia dada.,Conversational
luhya_multi_100_multi_eng,eng_Latn,rag_Latn,"Just as you were one thousand one hundred fifty people and other people from Mount Sinai the almighty God, our God told us 'You have stayed a long time at the mountain.'","“Nga ne mwabeele be babaandu eelefu emia ndala kamakhumi karano ne babaandu babaandi be a sikulu sia Sinai Wele Omunyali Owa babaandu, Wele wefwe akhuboolela efwe 'Mwamenyile siise sileeyi a sikulu.",Conversational
luhya_multi_231_multi_eng,eng_Latn,rag_Latn,What was grandmother doing in the kitchen?,2. Mukeere yaali naakolaki kumahiga?,Conversational
luhya_multi_71_multi_eng,eng_Latn,rag_Latn,"""Mama, mama shake the rope so I can enter, so I can enter, so I can enter, so I can enter.""","""Mma, mma sung'usa mugoye niinewe nine, wee nliinewe, wee nliinewee niinewe.""",Conversational
luhya_multi_26_multi_eng,eng_Latn,rag_Latn,"He will do so when you obey him then what he said will not reach his laws which I give you, it will not be a message of this God by loving him, God.","'Alakhola ario mwaba ne muria o mala niko aloma se kakhole kamalaka kewe niko ndikho muelesia tawe, aba se buli burume bwa Wele luno khulwe khumusiima niye, Wele.",Conversational
luhya_multi_40_multi_eng,eng_Latn,rag_Latn,"Even after living the day when God almighty of all things spoke to you on earth for a long time and to all, to bear children and grandchildren, and when you grow old, do not commit any sin, who offered to go then make for himself idols for people of the clan from anything.","""Akhaba enyuma we khumenya “Endaalo niyo Wele Omunyali Owa bioosi mu sibala khulwe siise sileeyi ne khu Bioosi aalomaloma khwinywe ali Saala babaana ne babechukhulu, lundi mwasaakhulua, mukhakhola bubwoni yesi yesi oweaana khucha mala khukhwik holela sifwaani kule babaandu be ekholo khukhwama le sisiindu siosi siosi.",Conversational
luhya_multi_147_multi_eng,eng_Latn,rag_Latn,"To me he is like a bear lying in wait, like a lion in hiding.","10 A veye KU inze kuli iduba I gonekanga, kuli king'ang'a mu lyevisa.",Conversational
luhya_multi_125_multi_eng,eng_Latn,rag_Latn,"No, you will get used to it, we were also like that when we came, nowadays we just pass by like a king walking among his sheep.",“Tawe olanala. Fwesi khali khurio nikhushiitsa. Leelo khubisianinjia butswa shinga omwami nachenda mwituuli liamakondike”,Conversational
luhya_multi_70_multi_eng,eng_Latn,rag_Latn,"How are you, those who are inside","“Mirembe munyumba yange"".",Conversational
luhya_multi_253_multi_eng,eng_Latn,rag_Latn,You have invited as on a day of appointed feast my terrors on every side.,"22 U langi, kuli mu lidiku lyelivugana, vyokutihidza vyange vi veye tsimbega tsyosi.",Conversational
luhya_multi_360_multi_eng,eng_Latn,rag_Latn,And he sent a man to flee on foot,6 Naye ya tuma mundu ku-yiruka nevirenge,Conversational
luhya_multi_281_multi_eng,eng_Latn,rag_Latn,A widow or widower who died before starting to cry for the deceased performed the ritual.,"3. Inyinga yosi yo mukunzakali yenyanga kwikula, yatanganga kotemela.",Conversational
luhya_multi_319_multi_eng,eng_Latn,rag_Latn,To cut an axe in front of your house while talking and arguing,40. Kotema imbatsi muchamugitsi chinyumba yoyo nomoloma nolembana. i,Conversational
luhya_multi_196_multi_eng,eng_Latn,rag_Latn,"He has broken my teeth with gravel, he has covered me with ashes.",16 Kandi u vunanyi amino gange netsinzalo u nkuniki ligoke.,Conversational
luhya_multi_128_multi_eng,eng_Latn,rag_Latn,May He heal us all,A khu honie efwe fwesi.,Conversational
luhya_multi_149_multi_eng,eng_Latn,rag_Latn,Our skin is black like coal.,10 Ligodo lyetu li veye limwamu kuli amahiga.,Conversational
luhya_multi_236_multi_eng,eng_Latn,rag_Latn,Why do you forget us all the days?,20 Kigiraki u kwiviranga madiku gosi.,Conversational
luhya_multi_89_multi_eng,eng_Latn,rag_Latn,"Don't trust a poor servant when he comes, you who are starting, he doesn't answer again, he who is poor by giving him again.",“Okhamiina omukholi omutaambi Beecha wewe owe khunyoa se amukobosia lundi ooli omubanani mu khumuelesia.,Conversational
luhya_multi_338_multi_eng,eng_Latn,rag_Latn,"Those who oppress it have become the head, his enemies have prospered; because the Lord has afflicted it because of the multitude of its sins","5 Ava mu dambidzanga va gwiye mutwe, avasigu veve vagasidzeywi; kigira yahova u mu vereridzi kigira ubunyingi bwa mahyolo gege.",Conversational
luhya_multi_206_multi_eng,eng_Latn,rag_Latn,"The Lord has done what he planned; he has fulfilled his word, which he decreed long ago.","17 Yahova u koli aga ya saavira , u dukidzi likuva lilye lya ya laga mmaduki ga kale.",Conversational
luhya_multi_339_multi_eng,eng_Latn,rag_Latn,Our pursuers are at our necks.,5 avaku londerera vyaveye ku magoti getu.,Conversational
luhya_multi_226_multi_eng,eng_Latn,rag_Latn,Because the leaders preceded in Israel then they spread the message because your people should give themselves good and pleasing deeds,"2 Kigira avanene avimiri mi Israeli, Ha zaa va la landidza amakuva Kigira avandu ave haana avene gevikolwa vyobulungi vya Ya I nobulaliri,",Conversational
luhya_multi_261_multi_eng,eng_Latn,rag_Latn,A man ululating.,24. Mwikula kukuba kigalagala.,Conversational
luhya_multi_304_multi_eng,eng_Latn,rag_Latn,Why should any living person complain when punished for their sins?,"39 Kigira ki mundu u veye mwoyo amonyanga, umundu ku lihebwa mageli ku ubwoni bwibwe?",Conversational
luhya_multi_186_multi_eng,eng_Latn,rag_Latn,Go away! Do not touch the unclean.,"15 Mweyahule mu tsie Ni ndiyo va kupa lwanga, budamano Mweyahule mu ta dira mba.",Conversational
luhya_multi_330_multi_eng,eng_Latn,rag_Latn,A woman beating a drum,46. Mukali kukuba ling’al’la.,Conversational
luhya_multi_285_multi_eng,eng_Latn,rag_Latn,"And let him offer his cheek to the one who strikes him, and be filled with shame.","30 A Haane ku uyu u mu kuyanga lusaya lwilwe, yizule amanyego.",Conversational
luhya_multi_212_multi_eng,eng_Latn,rag_Latn,"And I said my strength has perished, and my hope from the Lord.","18 Na Nda vola tsingulu tsyange tsi goti, na lyenya lyange kutwula ku Yahova.",Conversational
luhya_multi_284_multi_eng,eng_Latn,rag_Latn,Who entered grandmother's room?,3. Nivaaha vingira mukidioli chiche?,Conversational
luhya_multi_132_multi_eng,eng_Latn,rag_Latn,God the Almighty of all will give all people blessings in your cities and fields,“Wele Omunyali Owa Bioosi alabiita babaandu boosi chikhabi chingoba chenywe ne kimikuunda.,Conversational
luhya_multi_41_multi_eng,eng_Latn,rag_Latn,There will be no person in your entire household.,“Akhabao omundu yesi yesi munju bulamu bwenywe bwoosi tawe.,Conversational
luhya_multi_13_multi_eng,eng_Latn,rag_Latn,You'll pay Florence you'll pay a fine x2,. Olarusia Florence olarusia ifaini x2,Conversational
luhya_multi_329_multi_eng,eng_Latn,rag_Latn,All our enemies have opened their mouths wide against us.,"46 Avasigu vetu vosi valaminyi minwa gyavo ku kwinye, ubudivi na bwoneku.",Conversational
luhya_multi_188_multi_eng,eng_Latn,rag_Latn,"He has filled me with bitterness, he has sated me with wormwood.","15 U nzizulitsi litsunwa, u nzigutidzi nekilulu kikye.",Conversational
luhya_multi_223_multi_eng,eng_Latn,rag_Latn,"He cries out completely at night time in his mourning, tears flow on his cheeks",2 A liranga ligali inyinga yobudiku amaliga hehe go doolanga ku tsindama tsitye.,Conversational
luhya_multi_115_multi_eng,eng_Latn,rag_Latn,Anyone who does not fear these commands and anyone who moves his neighbor's boundary be cursed,"""Omundu yesi yesi okharia kamalaka kano ne ""Omundu yesi yesi osendia lulwakha lwo owasie alaamwe.""",Conversational
luhya_multi_182_multi_eng,eng_Latn,rag_Latn,"They wander blindly through the streets, defiled with blood.",14 Va voyavoya kuli vaboku mu Tsinzira va vikenywi budamano vya masahi.,Conversational
luhya_multi_271_multi_eng,eng_Latn,rag_Latn,"A woman eating chicken (if she ate it, she had to go home to bring a cow and goat).",28. Mukali kulia engoko. (Niyalitsanga kuduuka atsia wavo koleeta eng'ombe naho imbuli).,Conversational
luhya_multi_336_multi_eng,eng_Latn,rag_Latn,Those who ate delicacies are desolate in the streets.,5 Ava litsanga vigasu va lekeywi vengine ku Tsinzira tyelidala.,Conversational
luhya_multi_120_multi_eng,eng_Latn,rag_Latn,Anyone who leads a blind person astray on his journey be cursed,"""Omundu yesi yesi otiimia omubofu khu lukeendo lwewe alaamwe.”",Conversational
luhya_multi_369_multi_eng,eng_Latn,rag_Latn,"Put a veil over their hearts, let your curse be upon them!","65 U la va ha budinyu bwomwoyo, vilaamo vivyo kuvo!",Conversational
luhya_multi_377_multi_eng,eng_Latn,rag_Latn,"In the days of her affliction and wandering, Jerusalem remembers all the treasures that were hers in days of old.","7 Yerusalemi yidzulitsanga mu madiku gelidambizwa lilye na galikenye lilye, yidzulitsanga vindu vivye vyosi vyokuyanzidza vya li ho kutwula ku madiku ga kale.",Conversational
luhya_multi_385_multi_eng,eng_Latn,rag_Latn,"And when Barak came out to meet Sisera, he told that woman, if you say change, enter, leader go with me, there I am mine, change enter mine I will go but if you fear something","8 Na Baraka twula kuvugana na Sisera, naya mu ya volera mukali uyo, Ive nu u va nu volera, U girunkane, wingire, mwami utsia halala ninze, hene yahoo inze wange, u girunkane wingire ahange;ndatsia;navutswa ive nu u va nu uu ta tia kindu.",Conversational
luhya_multi_289_multi_eng,eng_Latn,rag_Latn,He has made me sit in darkness like the dead of long ago.,"6 U nzikalidzi ha veye nekisundi, kuli avakudzuzu KU inyinga intambi.",Conversational
luhya_multi_363_multi_eng,eng_Latn,rag_Latn,How did that old man know which young man stole?,6. Musakulu uyo yaamanya ndi muyayi wiiva?,Conversational
luhya_multi_167_multi_eng,eng_Latn,rag_Latn,"Is it nothing to you, all you who pass by?","12 Si ki veye kindu Kya mwinye, mwinye vosi Ava vitanga?",Conversational
luhya_multi_388_multi_eng,eng_Latn,rag_Latn,"Jerusalem has sinned greatly, therefore she has become unclean.","8 Yerusalemi ya kola ubwoni ligali, kigira yaga u gwiye kuli kindu kidamano.",Conversational
luhya_multi_139_multi_eng,eng_Latn,rag_Latn,One plate,(Lu)deru lulala,Conversational
luhya_multi_157_multi_eng,eng_Latn,rag_Latn,Far from the noise of those,11 Ilhale Ligali ku lioga iya yava,Conversational
luhya_multi_202_multi_eng,eng_Latn,rag_Latn,Because of this our hearts are faint.,17 Kigira yaga muyoyo getu gi kudzi.,Conversational
luhya_multi_200_multi_eng,eng_Latn,rag_Latn,16. Seeing a sick person and a dead person on the same day.,16. Kolola mulwaye nu mukuzu lidiku lilala.,Conversational
luhya_multi_393_multi_eng,eng_Latn,rag_Latn,He has blocked my ways with dressed stones; he has made my paths crooked.,"9 U hani Tsinzira tsange na magina ga vadzwa , u kyaminyi Tsinzira tsyange.",Conversational
luhya_multi_3_multi_eng,eng_Latn,rag_Latn,Fine of one thousand shillings x2,. Ifaini ya shilingi elfu ndala x2,Conversational
luhya_multi_207_multi_eng,eng_Latn,rag_Latn,"Zion spreads out her hands, but there is no one to comfort her.",17 Zioni a nyiranga makono hehe si ha veye Kali mlala u mu leminya mwoyo.,Conversational
luhya_multi_118_multi_eng,eng_Latn,rag_Latn,Any person who sleeps with his sister let him be cursed.,“Omundu yesi yesi okona ne waandaye omukhaana alaamwe.,Conversational
luhya_multi_235_multi_eng,eng_Latn,rag_Latn,"See, O Lord, for I am in distress; my heart is troubled.","20 Henza, o, Yahova, kigira mbeye my lidambidzwa , mwoyo gwange gu galiki.",Conversational
luhya_multi_372_multi_eng,eng_Latn,rag_Latn,"The governors ceased in Israel, they fled to enter and got lost","7 Avameha va gota mu Israeli, Va | Va nyagula kwingira mwivona ha gota,",Conversational
luhya_multi_29_multi_eng,eng_Latn,rag_Latn,Remember to separate and marry.,'Khebulila Khulekhana ne khuyilana.,Conversational
luhya_multi_123_multi_eng,eng_Latn,rag_Latn,What you do to yourself does not die,“omwikholela shikufubanga ta”,Conversational
luhya_multi_308_multi_eng,eng_Latn,rag_Latn,We drink water that we buy with money.,4 Ku nwedzanga amadzi getu ga kugulanga na ifetha.,Conversational
luhya_multi_227_multi_eng,eng_Latn,rag_Latn,Our inheritance has been turned over to strangers.,2 Miyandu gyetu gyi girunkannyiywi kutsya ku vageni.,Conversational
luhya_multi_349_multi_eng,eng_Latn,rag_Latn,They tried to end my life in a pit and threw stones at me,"53 VA twulizi livamwoyo lyange mu inyumba ya hasi ligali, va teye ligina ku inze.",Conversational
luhya_multi_269_multi_eng,eng_Latn,rag_Latn,Looking at the body of his dead brother if he had not visited him while alive.,"27. Kohenza ku amwavo wovo nakuzi, niva wamugendelel, nakikiri mwoyo.",Conversational
luhya_multi_317_multi_eng,eng_Latn,rag_Latn,Did he know he would go for how many days?,4. Yaamala wayatsia madiku ganga?,Conversational
luhya_multi_345_multi_eng,eng_Latn,rag_Latn,What words were behind where he came from?,5. Nimang'anaki gaali inyima wayaatula?,Conversational
luhya_multi_130_multi_eng,eng_Latn,rag_Latn,"He who was seeing cattle or sewing many ropes then tie the sheep of the Israelite, your companions, flowers at the four nearby corners.","""Waaba ne obona ekhaafu namwe “Ruka buusi bukali mala oboe likheese lio Muisiraeli wasio buyenje khu ndulo chine che sisibiimbi.",Conversational
luhya_multi_77_multi_eng,eng_Latn,rag_Latn,"""Once upon a time!! Listen.",“Munaee!! Kwitse.,Conversational
luhya_multi_324_multi_eng,eng_Latn,rag_Latn,A woman cutting special grass for thatching houses,43.Mukali kwihila evembe.,Conversational
luhya_multi_32_multi_eng,eng_Latn,rag_Latn,What they said is true.,'Niko balomile kali ng'ali.,Conversational
luhya_multi_86_multi_eng,eng_Latn,rag_Latn,"When you are harvesting your food from the field, if you forget some of what you harvested, do not go back there to take it.",“Ne okesa biakhulia biowo khukhwama mu mukuunda mala wibilile bilala nibio okesile okhakobolayo khu bukula tawe.,Conversational
luhya_multi_332_multi_eng,eng_Latn,rag_Latn,A woman scattering seeds while the man covers them,47. Mukali kumiza mulimi avikula vatage.,Conversational
luhya_multi_110_multi_eng,eng_Latn,rag_Latn,"A man had a boy who was troublesome and disobedient to his father and mother, even when they corrected him.","“Omundu aaba no omusoleeli onaania okharia paapa ne maawe tawe, akhaba ne bamukololosia.",Conversational
luhya_multi_250_multi_eng,eng_Latn,rag_Latn,"Your punishment is complete, O daughter of Zion, he will not exile you again.","22 Lihebwa mageli lyo budamano bubwo bu duki, O mukana wa Zioni si alakuhila Kandi mulyadikidzwa.",Conversational
luhya_multi_258_multi_eng,eng_Latn,rag_Latn,A wife beating the private parts of her husband.,23. Mukali kukuba mundede yo musatsa.,Conversational
luhya_multi_136_multi_eng,eng_Latn,rag_Latn,"Think of times that passed, in times, your God is there giving you when you existed and were not yet born.","""Yibaasia ke biise bibiabira, mu biise, Wele wenywe alikho amuelesia enywe nibio mwaba ne mukhasaalwa tawe.",Conversational
luhya_multi_247_multi_eng,eng_Latn,rag_Latn,They have heard that I sigh with no one to comfort me.,21 va huliye nkenyanga si ha veye nomundu Kali mulala wokuneminya mwoyo.,Conversational
luhya_multi_187_multi_eng,eng_Latn,rag_Latn,"And God confused Sisera and his chariots at Ramah near Beth-el in all his chariots and all his battles, the hills of Ephraim: the children of Israel with sharp swords before Barak: They went up to go to Deborah to decide with Sisera who came down in his chariot and fled.","15 Na Yahova ya salanya Sisera, na ha Rama ha Beth-eli mu kivali kye-magari gege gosi,nelihe lilye lyosi, vigulu kya Efiraim: Navana va Israeli nobwogi bwekivali imbiri wa Baraka: Vanegira kutsia ku Debora kukala- na Sisera yika ku ligari lilye,na girwa.",Conversational
luhya_multi_292_multi_eng,eng_Latn,rag_Latn,For he does not willingly bring affliction or grief to anyone.,"33 Kigira si a VA vikanga mu kivi, Kinga kuvereridza avana VA vandu nomwoyo gwobuyanzi.",Conversational
luhya_multi_47_multi_eng,eng_Latn,rag_Latn,"The chief supervisors will ask about health by health, eye by eye again other people saying, 'There is a person whose eye, tooth by tooth, hand whose blood has flowed because of fear and by hand and foot by what happened, let him go home.'","""Babemeelesi bakhulu balareeba bulamu khulwe bulamu, emoni khulwe lundi babaandu bali, 'Aliio omundu niye moni, liliino khulwe liliino, kumukho- kamafuki kewe keelulukha sikila buuri? no khulwe kumukhono ne sikele khulwe Kaaba kario ache engo.",Conversational
luhya_multi_368_multi_eng,eng_Latn,rag_Latn,"You will repay them what they deserve, O Lord, for what their hands have done.","64 U la ha tunga litunga, o Yahova, kuli miyinzi gya makono gavo.",Conversational
luhya_multi_68_multi_eng,eng_Latn,rag_Latn,No Ammonite or Moabite shall enter the assembly of their offspring.,“Mbao Omuamoni namwe Omumoabu khu be lisaaye liabwe.,Conversational
luhya_multi_323_multi_eng,eng_Latn,rag_Latn,You have covered yourself with anger and pursued us; you have slain us without pity.,"43 U kuniki nobutima bubwo nokulonderera, wiiti, si u veye netsimbavasi.",Conversational
luhya_multi_88_multi_eng,eng_Latn,rag_Latn,And at that time I said continue with the journey.,"""Ne siise esio naboola muchiililile ne lukeendo.",Conversational
luhya_multi_245_multi_eng,eng_Latn,rag_Latn,"O Lord, turn us back to you, and we shall return;","21 U ku kirunkannye ku ive, o Yahova na kula girunkannywa.",Conversational
luhya_multi_189_multi_eng,eng_Latn,rag_Latn,The joy of our hearts has ceased.,15 Ubuyanzi bwo mwoyo getu bufweye.,Conversational
luhya_multi_162_multi_eng,eng_Latn,rag_Latn,"The Lord is filled with anger, he has poured out his fierce wrath.",11 Yahova udukidzi ubutima bwibwe tsuki ubutima bwibwe bululu.,Conversational
luhya_multi_14_multi_eng,eng_Latn,rag_Latn,A boy with club feet when bathing has a field that when he looks at it he just swallows saliva.,. Omusiani owa makhumbo niyesinga ari nende indalo iria naringa amira sa amare.,Conversational
luhya_multi_38_multi_eng,eng_Latn,rag_Latn,"Or the cow has fallen on the road, don't stop helping him.",""" namwe ekhaafu yakwile khu ngila,okhalekha khumuyeeta tawe.",Conversational
luhya_multi_31_multi_eng,eng_Latn,rag_Latn,I have removed a portion from my house so that I may enter the land that is holy.,'Narusiisie sitonyi ndi nengile mu sibala nisio sitakatifu khukhwama munju mwase.,Conversational
luhya_multi_173_multi_eng,eng_Latn,rag_Latn,It is because of the sins of his prophets and the iniquities of his priests.,13 Ga veye kigira ubwoni bwa vaprofeti veve na budamano va vasalisi veve.,Conversational
luhya_multi_145_multi_eng,eng_Latn,rag_Latn,1. What story did you read?,1. Niluganoki usomi?,Conversational
luhya_multi_320_multi_eng,eng_Latn,rag_Latn,Let us lift up our hearts and our hands to God in heaven.,41 Gendi ku gingire Nyasaye u veye igulu mwoyo gyetu halala na makono getu.,Conversational
luhya_multi_274_multi_eng,eng_Latn,rag_Latn,The Lord covered the daughter of Zion with a cloud in his anger.,2Ga duka ndi Yahova ya kunika mukana was zioni nelilesi mu butima bwibwe.,Conversational
luhya_multi_224_multi_eng,eng_Latn,rag_Latn,"The children of Zion are precious, comparable to pure gold.","2 Avana va Zioni avobuguli budinyu, Ava validzwa kulengana nethahabu isiyeku.",Conversational
luhya_multi_98_multi_eng,eng_Latn,rag_Latn,"When you go to attack a city many to defeat you, do not fear them but start to give his people.","“Nga ne mucha khwibwaakala lukoba bakali khukhila babenywe, mukhabaria, lie khunyoa eelesia babaandu bewe.",Conversational
luhya_multi_54_multi_eng,eng_Latn,rag_Latn,That's where she discovered that beauty comes from the farm.,“Ebweneyo newayanyoola obulaiburula mumukuunda.”,Conversational
luhya_multi_243_multi_eng,eng_Latn,rag_Latn,The young and the old lie on the ground in the streets.,21 Muyayi nomusakulu va gonna hasi mu mahasi.,Conversational
luhya_multi_300_multi_eng,eng_Latn,rag_Latn,Who can speak and have it happen if the Lord has not decreed it?,"37 Ni bwaha u vulanga, ma li va, Ni I va Yahova si ya li laga mba?",Conversational
luhya_multi_328_multi_eng,eng_Latn,rag_Latn,A woman planting bananas or trees,45. Mukali kusimika magomia naho misala.,Conversational
luhya_multi_181_multi_eng,eng_Latn,rag_Latn,"I have become the laughingstock of all my people, their song all day long.","14 Ngwiye kihenyahenye KU Avandu vange vosi, lwimbu lwavo mbasu Bei.",Conversational
luhya_multi_44_multi_eng,eng_Latn,rag_Latn,"Two people, moreover orphans, do not take his brother if they lived together.",“Babaandu babili lundi bafuubi okhabukla wandaaye ne bamenya alala.,Conversational
luhya_multi_335_multi_eng,eng_Latn,rag_Latn,"My eyes will flow with tears without stopping, without getting relief","49 Imoni yange I sundukanga amadzi, si I lekeranga mba, si I kamulukanga.",Conversational
luhya_multi_209_multi_eng,eng_Latn,rag_Latn,Because of Mount Zion which lies desolate.,"18 Kigira kigulu Kya Zioni, yiki kyalekwa vutswa.",Conversational
luhya_multi_257_multi_eng,eng_Latn,rag_Latn,"They are new every morning, your faithfulness is great.","23 Tsi veye tsimpya mugamba nomugamba, busuuvirifu bubwo but blveye bunene.",Conversational
luhya_multi_390_multi_eng,eng_Latn,rag_Latn,"Laughing at an old person, woman or sick person or one with a scar.","8. Koseka musakulu, mukeere naho mundu walwala naho we li gonzo.",Conversational
luhya_multi_6_multi_eng,eng_Latn,rag_Latn,Cattle also need to get proper food and when they are at their homes they cause a lot of trouble because there is no nearby place where there is grass that cattle should eat and be satisfied.,. Ing’ombe yosi yenyekhana inyole olwa iria nibari ingo kanyasichia muno khubera aumao abundu aambi ari nende obunyasi bwa ing’ombe ikhoyere khuria khuikura.,Conversational
luhya_multi_259_multi_eng,eng_Latn,rag_Latn,And the hand of the children of Israel,24 Na mkono wa bwana Israeli,Conversational
luhya_multi_359_multi_eng,eng_Latn,rag_Latn,"And that daughter of Zion, all her glory has left her.","6 Na mukana wa zioni, ubukumi bwibwe bwosi bu twuli kuye.",Conversational
luhya_multi_103_multi_eng,eng_Latn,rag_Latn,"""Grass has grown near the house""",“Nyumba yayi nyumbila”.,Conversational
luhya_multi_229_multi_eng,eng_Latn,rag_Latn,"The Lord has swallowed up all the dwellings of Jacob, and has not pitied.","2 Yahova u miri ubumenyo bwosi bwa yakobo, na si ya li netsimbavasi mba.",Conversational
luhya_multi_343_multi_eng,eng_Latn,rag_Latn,What did they do to that grandmother?,5. Aviri vaakolaki kuye?,Conversational
luhya_multi_216_multi_eng,eng_Latn,rag_Latn,Our pursuers were swifter than the eagles of the heavens.,19 Ava londereranga kwinye vali netsimbiru kuvita tsindidzu tsyomwigulu.,Conversational
luhya_multi_174_multi_eng,eng_Latn,rag_Latn,name,eliira,Dictionary
luhya_multi_101_multi_eng,eng_Latn,rag_Latn,"When she returns home, she should go and plant vegetables, tomatoes and onions then bring them to sell here where she can get a lot of money.","“Ningalukha ingo wefwe ndatsia ndaaraka eliani, nende tsinyanya nebituunguo mana ndreera okhukusia ino shindskhanyoola amapesa amanji,",Conversational
luhya_multi_218_multi_eng,eng_Latn,rag_Latn,And he told him together with you; but please give me a little water because I am thirsty,"19 Naye ya mbo halala nive;navutwsa,ulugenda lwa lera, Mwadza,u mbe amadzi make u tsitsanga ku si lu ;la ku ha ubukumi;keke nwe; kigira mbeye nobuluhu.",Conversational
luhya_multi_64_multi_eng,eng_Latn,rag_Latn,"Grandfather, thank you for teaching us. Many grandfathers of our generation speak before thinking about the source of the matter.","“Kuuka, orio muno okhukhuchetsihia. Ababuukha abanji abolubaka lwefwe baboolanga nibashiili okhupaara eshufune shielikhuwa.",Conversational
luhya_multi_50_multi_eng,eng_Latn,rag_Latn,Tell your children as you are today.,"""Boolela babaana benywe nga mwakhaba luno.",Conversational
luhya_multi_35_multi_eng,eng_Latn,rag_Latn,Many cattle and much livestock.,""" Chikhaafu chingali ne bibiaayo bikali.",Conversational
luhya_multi_270_multi_eng,eng_Latn,rag_Latn,"And let him sit alone and be silent, for the Lord has placed it upon him.",28 Yikale yengine nokukiringana kigira u Viki kuye inkuva yiyi.,Conversational
luhya_multi_203_multi_eng,eng_Latn,rag_Latn,But Sisera fled on foot to Naphtali and the children of Zebulun?,17 Navutswa Sisera yiruka nevilenge va Nafitali na tsyavana va Zebuloni?,Conversational
luhya_multi_357_multi_eng,eng_Latn,rag_Latn,We gave our hand to Egypt and to Assyria to get enough bread.,6 kuheye avaegepeti makono na avasura ku Duke kwiguta vyokulia.,Conversational
luhya_multi_30_multi_eng,eng_Latn,rag_Latn,Why are you doing that.,'Mulakholanga murio sikila.,Conversational
luhya_multi_314_multi_eng,eng_Latn,rag_Latn,Where was that grandmother hiding?,4. Mukeere uyo yilvisa haliki?,Conversational
luhya_multi_233_multi_eng,eng_Latn,rag_Latn,Who did that old man call?,2. Nivaaha avo musakulu yalanga?,Conversational
luhya_multi_263_multi_eng,eng_Latn,rag_Latn,Entering someone's house while in a hurry to leave.,25. Kwingila munyumba yo mundu nukuvita nduli.,Conversational
luhya_multi_291_multi_eng,eng_Latn,rag_Latn,A man eating from milk where he took a wife.,32. Musatsa kuliira maveere wayatulitsa mukali.,Conversational
luhya_multi_165_multi_eng,eng_Latn,rag_Latn,Leaders are hung by their hands;,12 Avanene vasungwa kumukono gwavo.,Conversational
luhya_multi_341_multi_eng,eng_Latn,rag_Latn,He has besieged and enveloped me with bitterness and tribulation.,"5 Wombaki KU inze, nokunkumbiridza nendulwe neliluha.",Conversational
luhya_multi_141_multi_eng,eng_Latn,rag_Latn,We have known goodness itself,"0 khu maniye bulahi bwene,",Conversational
luhya_multi_65_multi_eng,eng_Latn,rag_Latn,"Grandfather, thank you. The story was good, even though it's sad because of Kaleefu's death.","“Kuuka, orio muno. Olukanolwo lubeele olulayi, kata nululi olweshibeela khulwa okhufwa khwa Kallefu.",Conversational
luhya_multi_138_multi_eng,eng_Latn,rag_Latn,(Discussion),(Livoolerana),Conversational
luhya_multi_131_multi_eng,eng_Latn,rag_Latn,May God receive him in a good place.,"""Wele khabhumbi amwakanile abhundu alayi""",Conversational
luhya_multi_10_multi_eng,eng_Latn,rag_Latn,"When a child hides there, it was not easy to be found.",. Mwana ni yivisanga mu si yali anyala kololeka dave.,Conversational
luhya_multi_67_multi_eng,eng_Latn,rag_Latn,boat; canoe,eliaro,Dictionary
luhya_multi_303_multi_eng,eng_Latn,rag_Latn,To anger or argue with your uncle,38. Kusinyikira no kogondokera mifwa wovo.,Conversational
luhya_multi_16_multi_eng,eng_Latn,rag_Latn,The manure that comes from cows is usually used to make houses look good,. T. Hata zamadi hiyo ukibeba kisha upeleke kwenye shamba yanaweza kutoa mazao bora.,Conversational
luhya_multi_159_multi_eng,eng_Latn,rag_Latn,"My eyes fail with tears, My heart is troubled.","11 Tsimoni tsyange tsi luhi kigira maliga, mwoyo gwange gu kaliki.",Conversational
luhya_multi_43_multi_eng,eng_Latn,rag_Latn,Those who fall are those who live in your land and will gain power every time.,“Baakwa bali bamenyile mu sibala sienywe balanyoola bunyali buli lwosi.,Conversational
luhya_multi_367_multi_eng,eng_Latn,rag_Latn,"Look! Whether they sit or stand, I have become like a song to them.","63 Henza likala lyavo, ne lisingira lyavo, mbeye lwimbu lwavo.",Conversational
luhya_multi_325_multi_eng,eng_Latn,rag_Latn,You have covered yourself with a cloud so that no prayer can get through.,"44 Wekuniki nelilesi, lisaala lyetu li vule kuvita.",Conversational
luhya_multi_219_multi_eng,eng_Latn,rag_Latn,"Arise, cry out in the night, at the beginning of the watches.",19 Vuka u kupe lwanga mbudiku mu litanga lyobulindi.,Conversational
luhya_multi_282_multi_eng,eng_Latn,rag_Latn,Why did he call them?,3. Kigiraki yavalanga?,Conversational
luhya_multi_371_multi_eng,eng_Latn,rag_Latn,Our fathers sinned and are no more.,7 Avaguga vetu vakola ubwoni na sivaveyeho.,Conversational
luhya_multi_239_multi_eng,eng_Latn,rag_Latn,"I remember them well, and my soul is downcast within me.","20 Mwoyo gwange gu kidzulizanga yago, na gwinama mu inze.",Conversational
luhya_multi_210_multi_eng,eng_Latn,rag_Latn,Their hearts cried out to the Lord.,18 Myoyo gyavo gyanira Yahova.,Conversational
luhya_multi_215_multi_eng,eng_Latn,rag_Latn,"Father using household materials to build for his child, (a child can build using materials from his father's house)","18. Dada kutumikira misala jinyumba yu mwana weve kwumba kira yeye, (Navutswa mwana anyala kutumikira misala jitula kunyumba ya dada weve kwumbakira yeye.)",Conversational
luhya_multi_298_multi_eng,eng_Latn,rag_Latn,"To deprive someone of justice, the Lord cannot approve such things.","36 Kihinula mundu mu livola lilye, yaga Yahova ni a bugirira mba.",Conversational
luhya_multi_365_multi_eng,eng_Latn,rag_Latn,"O Lord, you have heard their insults, all their evil schemes against me.","61 Wa hulira amanyego gavo, O Yahova, na lisaavira lyavo Lya vasaviira ku inze.",Conversational
luhya_multi_254_multi_eng,eng_Latn,rag_Latn,Let all their wickedness come before you.,22 Ubudamano bwavo bwosi budze imbiri wowo.,Conversational
luhya_multi_391_multi_eng,eng_Latn,rag_Latn,We get our bread at the risk of our lives.,9 Ku nyolanga vyakulia vyetu kulidambidza livamwoyo lyetu.,Conversational
luhya_multi_366_multi_eng,eng_Latn,rag_Latn,What my enemies whisper and mutter against me all day long.,"62 Minwa gya yavo avasingira ku kuya inze, na lisaavira lyavo ku inze mmbasu bei.",Conversational
luhya_multi_306_multi_eng,eng_Latn,rag_Latn,He has made my flesh and my skin waste away and broken my bones.,"4 U koli inyama yange neligodo lyange kuva vikulu, u vunanyi vigumba vyange.",Conversational
luhya_multi_272_multi_eng,eng_Latn,rag_Latn,"And let him bury his face in the dust, perhaps there may still be hope.","29 A vike munwa gwigwe mu lugukyi, Ni I va lisuuviridza liveye ho.",Conversational
luhya_multi_204_multi_eng,eng_Latn,rag_Latn,"Our eyes failed, watching vainly for our help.",17 Tsimoni tsyetu kuvuki kulihenza likonywa lyetu Lya vutswa.,Conversational
luhya_multi_164_multi_eng,eng_Latn,rag_Latn,"The kings of the earth did not believe, nor all who dwell in the world.",12 Avami velirova si va suuvira Kinga vosi ava menyanga mu lirova.,Conversational
luhya_multi_46_multi_eng,eng_Latn,rag_Latn,Women should not wear men's clothes or men should not wear women's clothing.,"“Babaandu be siikhasi bakhafwara chingubo che babaandu be siseeche tawe, namwe be sisecha bakhafwara chingubo che babaandu be sikhasi tawe.",Conversational
luhya_multi_220_multi_eng,eng_Latn,rag_Latn,"Remember my affliction and my sorrow, the wormwood and bitterness.","19 Widzulitse lidambidzwa lyange na likenya lyange, kilulu nendulwe",Conversational
luhya_multi_193_multi_eng,eng_Latn,rag_Latn,All your enemies open their mouths wide against you.,16 Avasigu vovo vosi va kunuye minwa gyavo ligali ku ive.,Conversational
luhya_multi_312_multi_eng,eng_Latn,rag_Latn,Cleanses,Ga nyala khwogidza,Conversational
luhya_multi_262_multi_eng,eng_Latn,rag_Latn,"The Lord is good to those whose hope is in him, to the one who seeks him.","25 Yahova a veye mulahi kuvo VA mu lindiranga, KU mwoyo gu mwenyanga.",Conversational
luhya_multi_108_multi_eng,eng_Latn,rag_Latn,"Any Levite who can send you a prophet from any city in Israel like me from among you yourselves, let him go to the place chosen for worship when you pray in the way to him.","""Omulawi yesi yesi owenya, anyala wenywe alamurumira enywe omung'oosi aama mu lukoba lwosi lwosi mu Isirae- nga ese khukhwama mwinywe babeene, aache abuundu aaroborwa khusaaya mala mukhoya mu murie niye.",Conversational
luhya_multi_56_multi_eng,eng_Latn,rag_Latn,Today I am going to tell you the story of two old men called Kaleefu and Okwaro,“Inyanga ino enzia okhumuupila imbakha akabakofu babili abalaangwa mbu Kaleefu nende Okwaro.,Conversational
luhya_multi_2_multi_eng,eng_Latn,rag_Latn,CORONA DISEASE,. OBULWAYE BWA KORONA.,Conversational
luhya_multi_52_multi_eng,eng_Latn,rag_Latn,Clans which you are going to shave yourselves with sheep's wool.,"""Chikholo nicho mucha khukhwifura ne bufuumbo bwe kamakheese.",Conversational
luhya_multi_83_multi_eng,eng_Latn,rag_Latn,Nafula used to fear the hoe. Now she has become dedicated to farming.,“Nafula yali yaria imbako. Leelo yomilanila okhulima.,Conversational
luhya_multi_208_multi_eng,eng_Latn,rag_Latn,Father living in his child's house. (A child can live in his father's house),17. Dada kwadikila munyumba yumwana. (Navutswa mwana anyala kuvugula inyumba ya ise amenyemu.),Conversational
