english,ekegusii,headword,contributor,date,source,url
The children are from school,Abana barure eskuru,Abana,Bironga Nyauma,"October 17, 2019",lughayangu,https://lughayangu.com/ekegusii/abana
The youth that sang got employed,Abasae bari baterete mbanyorete chigasi bonsi,Abasae,Purity,"September 6, 2022",lughayangu,https://lughayangu.com/ekegusii/abasae
The old man was told that the cigarettes he's been smoking have damaged his lungs,Omogaka atebetigwe chisigara Konya akonywa chiasaririe amaa aye,Amaa,Purity,"August 26, 2022",lughayangu,https://lughayangu.com/ekegusii/amaa
The cat spilled the sour milk,Ekemoni giaterete amabere amaruranu,Amabere,Purity,"September 11, 2022",lughayangu,https://lughayangu.com/ekegusii/amabere
It is you who drunk the milk,Naye kwanyu amabere,Amabere,Purity,"September 11, 2022",lughayangu,https://lughayangu.com/ekegusii/amabere
Omwoyo cut down the lantana camara plants before his boss returned home,Omwoyo arabetie emete y'amaemba ye chinyoni omonyene omochie atarairana,Amaemba ye chinyoni,Purity,"October 24, 2022",lughayangu,https://lughayangu.com/ekegusii/amaemba-ye-chinyoni
Elizabeth bought mangoes worth five hundred shillings,Sabeti agorete amaembe y'amagana atano,Amagana atano,Purity,"September 6, 2022",lughayangu,https://lughayangu.com/ekegusii/amagana-atano
The mad person at the market has footrot,Ebarimo eria y'echiro ebwate amage,Amage,Purity,"October 24, 2022",lughayangu,https://lughayangu.com/ekegusii/amage
I have two eggs,Nimbwate amagena abere,Amagena,Bironga Nyauma,"October 17, 2019",lughayangu,https://lughayangu.com/ekegusii/amagena
It has not rained hailstones recently,Teratu mbura y'amagena bwango iga,Amagena y'embura,Purity,"September 7, 2022",lughayangu,https://lughayangu.com/ekegusii/amagena-yembura
Death has taken a lot of their family members,Amakweri akorire abanto babo,Amakweri,Purity,"September 7, 2022",lughayangu,https://lughayangu.com/ekegusii/amakweri
Black nightshade is a very good vegatable,amanagu ne ching'eni chingiya,Amanagu,Purity,"September 22, 2022",lughayangu,https://lughayangu.com/ekegusii/amanagu
All the patients had a blood transfusion,Abaruaire bonso bamenteretwe amanyinga,Amanyinga,Purity,"September 1, 2022",lughayangu,https://lughayangu.com/ekegusii/amanyinga
Love is a beautiful thing,Amapenzi onye gogotokora Tokore,Amapenzi,ESTHER,"February 21, 2025",lughayangu,https://lughayangu.com/ekegusii/amapenzi
Cow intestines are sold as food,Amara ye ching'ombe nkoonigwa are koriegwa,Amara,Purity,"August 26, 2022",lughayangu,https://lughayangu.com/ekegusii/amara
In the past the family last born used be given grilled chicken intestines.,Kare mokogoti nere ore koegwa amara y'engoko asambire,Amara,Purity,"August 26, 2022",lughayangu,https://lughayangu.com/ekegusii/amara
humans have the small intestines and the colon(large intestines),mwanyabanto abwate amara amake n'amara amanene,Amara amanene,Purity,"September 1, 2022",lughayangu,https://lughayangu.com/ekegusii/amara-amanene
Alcohol is not good for children,Amaru tari amaya ase abana,Amaru,Bironga Nyauma,"October 17, 2019",lughayangu,https://lughayangu.com/ekegusii/amaru
There are no shoes that fit legs with elephantiasis,bikoroto mbiri goisana amagoro amatiende,Amatiende,Purity,"October 24, 2022",lughayangu,https://lughayangu.com/ekegusii/amatiende
Do not put the shoes anywhere,Tobeka ebikoroto ande onsi,Ande onsi,Bironga Nyauma,"March 9, 2020",lughayangu,https://lughayangu.com/ekegusii/ande-onsi
they were standing there,bateneine aria,Aria,Purity,"September 14, 2022",lughayangu,https://lughayangu.com/ekegusii/aria
You've written it wrongly,Kwarikire bobe,Bobe,Bironga Nyauma,"March 9, 2020",lughayangu,https://lughayangu.com/ekegusii/bobe
Good morning to you,#Bwakire,Bwakire,Obiri,"July 23, 2019",lughayangu,https://lughayangu.com/ekegusii/bwakire
By Joe bleidy cyborg,Bwakire buya,Bwakire,Obiri,"July 23, 2019",lughayangu,https://lughayangu.com/ekegusii/bwakire
a kisii name that means wealth.,"Omwana one akorokwa Bwari , naende nandetere obwari.",Bwari,Lenah Isaboke,"March 29, 2024",lughayangu,https://lughayangu.com/ekegusii/bwari
My child's name is Bwari and she will bring wealth to the family.,Nyabwari,Bwari,Lenah Isaboke,"March 29, 2024",lughayangu,https://lughayangu.com/ekegusii/bwari
means a good person,Nyabwari nang'ete oboke,Bwari,Lenah Isaboke,"March 29, 2024",lughayangu,https://lughayangu.com/ekegusii/bwari
The thieves stole two billion,Abaibi bairete chibirioni ibere,Chibirioni ibere,Purity,"September 11, 2022",lughayangu,https://lughayangu.com/ekegusii/chibirioni-ibere
The green grams that were being cooked have burnt,chidengu chiarenge riko chiarigisire,Chidengu,Purity,"September 22, 2022",lughayangu,https://lughayangu.com/ekegusii/chidengu
The lentils are expensive,chidengu chikoonigwa rigori rire igoro,Chidengu,Purity,"September 22, 2022",lughayangu,https://lughayangu.com/ekegusii/chidengu
They prepared rice and peas yesterday,baiyegete omochere ne chimbisi igoro,Chimbisi,Purity,"September 22, 2022",lughayangu,https://lughayangu.com/ekegusii/chimbisi
My friends love eating pig weed than any other kind of vegetable,abasani bane baanchete emboga kobua ching'eni chionsi,Chimboga,Purity,"September 22, 2022",lughayangu,https://lughayangu.com/ekegusii/chimboga
arrow roots are very sweet,chinduma chigwansa mono,Chinduma,Purity,"September 22, 2022",lughayangu,https://lughayangu.com/ekegusii/chinduma
Most kids like eating rice and beans,Abana abange mb'anchete koria omochere na ching'ende,Ching'ende,Purity,"August 26, 2022",lughayangu,https://lughayangu.com/ekegusii/chingende
Rice and beans is a meal loved by most children,Abana abange nigo baanchete omechere ne ching'ende,Ching'ende,Purity,"August 26, 2022",lughayangu,https://lughayangu.com/ekegusii/chingende
lablab beans are loved by the Kikuyu,chin'ende chia labalab nchianchire n'abaikoyo,Ching'ende chia lablab,Purity,"September 22, 2022",lughayangu,https://lughayangu.com/ekegusii/chingende-chia-lablab
We have never eaten the lima beans,ntwanyakoria ching'ende chia lima,Ching'ende chia lima,Purity,"September 22, 2022",lughayangu,https://lughayangu.com/ekegusii/chingende-chia-lima
They were told not to plant black beans,Bakanetigwe mbasimeka ching'ende mwamu,Ching'ende mwamu,Purity,"September 22, 2022",lughayangu,https://lughayangu.com/ekegusii/chingende-mwamu
The culture of a people guides them,ching'endo chi'abanto chikobaraa,Ching'endo,Purity,"September 7, 2022",lughayangu,https://lughayangu.com/ekegusii/chingendo
She plants different kinds of vegetables at her farm,mogondo kwaye asimegete chingeni ao ao,Ching'eni,Purity,"September 22, 2022",lughayangu,https://lughayangu.com/ekegusii/chingeni
They played very good music at the wedding I attended yesterday,Babegete chingero chingiya ase enyangi narenge igoro,Chingero,Purity,"September 6, 2022",lughayangu,https://lughayangu.com/ekegusii/chingero
All the sheep were sold.,Ching'ondi chiaonetigwe chionsi.,Ching'ondi,Purity,"September 6, 2022",lughayangu,https://lughayangu.com/ekegusii/chingondi
Hookworms feed on blood,Amanyinga naro endagera ye chinkegeta,Chinkegeta,Purity,"October 24, 2022",lughayangu,https://lughayangu.com/ekegusii/chinkegeta
They are pretenders don't be deceived,Echio ne chinkondi nchikong'aina,Chinkondi,Anonymous,"November 15, 2022",lughayangu,https://lughayangu.com/ekegusii/chinkondi
Obama bought the spider plant worth ninety shillings,obama agorete chinsaga chia emerongo kianda,Chinsaga,Purity,"September 22, 2022",lughayangu,https://lughayangu.com/ekegusii/chinsaga
The worker cut napier grass enough till tomorrow,omokori egasi atema chinsiaga ekori paka ankio,Chinsiaga,Purity,"September 22, 2022",lughayangu,https://lughayangu.com/ekegusii/chinsiaga
Sodom apples are not eaten by humans,chintobo nchiri korigwa n'abanto,Chintobo,Purity,"September 22, 2022",lughayangu,https://lughayangu.com/ekegusii/chintobo
My dad gave the chicken some grains of maize,tata aruterete engoko chinyeke chi'ebituma,Chinyeke,Purity,"September 22, 2022",lughayangu,https://lughayangu.com/ekegusii/chinyeke
They planted the cowpeas before the rains stopped,basimegete chinyeke chi'egesare embura etarasira,Chinyeke chi'egesare,Purity,"September 22, 2022",lughayangu,https://lughayangu.com/ekegusii/chinyeke-chiegesare
Those vegatables are good,Ching'eni chiria n'echingiya,Chiria,Purity,"September 14, 2022",lughayangu,https://lughayangu.com/ekegusii/chiria
They paid five hundred thousand as dowry,Baakanete amaari chiribu amagana atano,Chiribu amagana atano,Purity,"September 11, 2022",lughayangu,https://lughayangu.com/ekegusii/chiribu-amagana-atano
I bought food worth two thousand yesterday evening,Nagorete endagera ye chiribu ibere igoro magoroba,Chiribu ibere,Purity,"August 26, 2022",lughayangu,https://lughayangu.com/ekegusii/chiribu-ibere
They bought grapes worth one hundred shillings,bagorete chisabibi chi'emii eyemo,Chisabibu,Purity,"September 1, 2022",lughayangu,https://lughayangu.com/ekegusii/chisabibu
School closing date is fast approaching,Chitariki chi'ogosieka chisukuru chiaisire goika,Chitariki,Purity,"August 26, 2022",lughayangu,https://lughayangu.com/ekegusii/chitariki
i have a date with my partner,nibwate chitariki nomwachi one,Chitariki,Purity,"August 26, 2022",lughayangu,https://lughayangu.com/ekegusii/chitariki
Eight trillion is a very large sum of money,Chitririoni isano isato n'echibesa chinyinge,Chitririoni isano isato,Purity,"September 11, 2022",lughayangu,https://lughayangu.com/ekegusii/chitririoni-isano-isato
A man that fell from the roof of the church broke his hip,Omosacha ogwete korwa ekanisa igoro n'abunete ebachu,Ebachu,Purity,"August 26, 2022",lughayangu,https://lughayangu.com/ekegusii/ebachu
All pupils climbed the tree to get the java plum,Abana b'esukuru bonsi barinete omote gotwa ebichambura,Ebichambura,Purity,"August 26, 2022",lughayangu,https://lughayangu.com/ekegusii/ebichambura
Bats like eating the african star apple.,ebitaboramato bianchete koria ebiranguati,Ebiranguati,Purity,"August 30, 2022",lughayangu,https://lughayangu.com/ekegusii/ebiranguati
Boiled maize goes well with tea,Ebituma biberirwe bigoansa n'echae,Ebituma,Purity,"September 11, 2022",lughayangu,https://lughayangu.com/ekegusii/ebituma
The millet's growth is patchy,Obori bw'amete ebituse,Ebituse,Purity,"August 26, 2022",lughayangu,https://lughayangu.com/ekegusii/ebituse
They took the tea to the factory,bairete echae etundubari,Echae,Purity,"September 22, 2022",lughayangu,https://lughayangu.com/ekegusii/echae
My brother broke his finger while playing with his friends,Omomura ominto abunegete egechara kiaye ekero arenge gochesa n'abasani baye,Egechara,Purity,"August 26, 2022",lughayangu,https://lughayangu.com/ekegusii/egechara
The chick was given the mash,Egechuchu nkiaegwa echenge,Egechuchu,Purity,"August 30, 2022",lughayangu,https://lughayangu.com/ekegusii/egechuchu
That is my chick,keria ne egechuchu kiane,Egechuchu,Purity,"August 30, 2022",lughayangu,https://lughayangu.com/ekegusii/egechuchu
A chimpazee's fingers resemble those of a human,egekena kebwate ebichara buna ebia mwanyabanto,Egekena,Purity,"September 1, 2022",lughayangu,https://lughayangu.com/ekegusii/egekena
She bit her lip when she fell down,Aeromete egekoba ekero agwete inse,Egekoba,Purity,"September 1, 2022",lughayangu,https://lughayangu.com/ekegusii/egekoba
A colobus usually has one offspring at a time,Egekondo gekonyora omwana oyomo bweka,Egekondo,Purity,"August 30, 2022",lughayangu,https://lughayangu.com/ekegusii/egekondo
The lion ate the monkey's baby,endo yariete omwana bw'egekondo,Egekondo,Purity,"August 30, 2022",lughayangu,https://lughayangu.com/ekegusii/egekondo
The boy has worn his watch on his wrist,Omomura obekire ensa ase egekonyi kiaye,Egekonyi,Purity,"August 26, 2022",lughayangu,https://lughayangu.com/ekegusii/egekonyi
The branch that dried up was used as firewood,egesabo kiaomete kiatumegete buna chinko,Egesabo,Purity,"September 22, 2022",lughayangu,https://lughayangu.com/ekegusii/egesabo
The male cat was killed,ekemoni egesacha giaitetwe,Egesacha,Purity,"September 11, 2022",lughayangu,https://lughayangu.com/ekegusii/egesacha
The calabash I had broke,egesanda nabwate giategete,Egesanda,Purity,"September 22, 2022",lughayangu,https://lughayangu.com/ekegusii/egesanda
Bundi said that his porridge should be served in a calabash and left to cool,Bundi atebete abekerwe erongori yaye as'egesanda enya gokenda,Egesanda,Purity,"September 22, 2022",lughayangu,https://lughayangu.com/ekegusii/egesanda
Grandfather loves eating cowpeas leaves,sokoro aanchete egasare,Egesare,Purity,"September 22, 2022",lughayangu,https://lughayangu.com/ekegusii/egesare
the chicken chased the grasshopper and ate it,Engoko yamingogeti egesase egakeri,Egesase,Purity,"August 30, 2022",lughayangu,https://lughayangu.com/ekegusii/egesase
The axe has broken,Egesire kiabunekire,Egesire,Zedekiah,"September 3, 2022",lughayangu,https://lughayangu.com/ekegusii/egesire
The help used an axe to split the firewood,omokori egasi aateti chinko n'egesire,Egesire,Zedekiah,"September 3, 2022",lughayangu,https://lughayangu.com/ekegusii/egesire
The boy that brought the cow's home in the evening came with a cricket in his hand,Omomura oretete Ching'ombe nka marogoba aachete n'egesiriri koboko,Egesiriri,Purity,"August 26, 2022",lughayangu,https://lughayangu.com/ekegusii/egesiriri
This child waits every evening when darkness is about to set in to listen to the crickets.,Omwana oyo akoganya kera magoroba ekero egesunte giachakire nari ategerere ebisiriri.,Egesiriri,Purity,"August 26, 2022",lughayangu,https://lughayangu.com/ekegusii/egesiriri
December is the last month of the year,Egesunte gia masaba noro omotienyi bw'omoerio bw'omwaka,Egesunte gia masaba,Purity,"September 11, 2022",lughayangu,https://lughayangu.com/ekegusii/egesunte-gia-masaba
The white rabbit is always eating,Egesusu ekerabu gekoragera kera chinsa,Egesusu,Purity,"September 11, 2022",lughayangu,https://lughayangu.com/ekegusii/egesusu
The hare hopped alot,Egesusu giatumete mono,Egesusu,Purity,"September 11, 2022",lughayangu,https://lughayangu.com/ekegusii/egesusu
The bed broke when they were moving to another house,Egetanda kiaye kiabunegete gakong'anya,Egetanda,Purity,"September 7, 2022",lughayangu,https://lughayangu.com/ekegusii/egetanda
My brother took coffee before going to work.,Momura ominto nanyua ekagwa ataragenda emeremo.,Ekagwa,Ed,"August 2, 2026",lughayangu,https://lughayangu.com/ekegusii/ekagwa
My brother took coffee before going to work,momura ominto anyete ekahawa ataragenda gasi,Ekahawa,Purity,"September 22, 2022",lughayangu,https://lughayangu.com/ekegusii/ekahawa
the kei apple stinks when it over ripens,ekayaba egotioka bobe gekotoba mono,Ekayaba,Purity,"September 22, 2022",lughayangu,https://lughayangu.com/ekegusii/ekayaba
The Jackal knows how to take care of its young ones very well,Ekebwe kemenyete korenda abana baye,Ekebwe,Purity,"August 26, 2022",lughayangu,https://lughayangu.com/ekegusii/ekebwe
A caterpillar is destructive.,Ekegangwa n'egesaria.,Ekegangwa,Micah Gesaka,"June 26, 2023",lughayangu,https://lughayangu.com/ekegusii/ekegangwa
The old woman used her elbow to make way for herself,Omong'ina atumiete ekegokoro kiaye gosukia abanto aete,Ekegokoro,Purity,"August 26, 2022",lughayangu,https://lughayangu.com/ekegusii/ekegokoro
See how he/she is dancing gracefully,Rora buna agotenga ekemanchingi,Ekemanchingi,ALECKY,"July 10, 2023",lughayangu,https://lughayangu.com/ekegusii/ekemanchingi
some weeds are food,ebimeria binde n'endagera,Ekemeria,Purity,"September 22, 2022",lughayangu,https://lughayangu.com/ekegusii/ekemeria
The water hyacinth has beautiful flowers,ekemeria ki'amache kebwate amauga amaya,Ekemeria ki'amache,Purity,"September 22, 2022",lughayangu,https://lughayangu.com/ekegusii/ekemeria-kiamache
black jacks have infested the farm,ebimogamogi biamire mogondo,Ekemogamogi,Purity,"September 22, 2022",lughayangu,https://lughayangu.com/ekegusii/ekemogamogi
this woman likes cats,omokungu oyo nigo achete ekemoni,Ekemoni,peter ongera,"March 23, 2025",lughayangu,https://lughayangu.com/ekegusii/ekemoni
"The black cat caught a mouse outside, took it in the house and started playing with it",Ekemoni ekemwamu kiabwatete embeba korwa isiko gekaira nyomba gegachaka gochesa nero,Ekemoni,peter ongera,"March 23, 2025",lughayangu,https://lughayangu.com/ekegusii/ekemoni
The cat has eaten the chicks.,Ekemoni kiarire ebichuchu.,Ekemoni,peter ongera,"March 23, 2025",lughayangu,https://lughayangu.com/ekegusii/ekemoni
I have heard the silen.,Naigure ekeng'ore.,Ekeng'ore,Annah,"June 26, 2023",lughayangu,https://lughayangu.com/ekegusii/ekengore
Her baby has learnt how to crawl,Ekeng'werere kiaye mbono kiamanyire koagura,Ekeng'werere,Purity,"September 7, 2022",lughayangu,https://lughayangu.com/ekegusii/ekengwerere
The squirrel that lives in my grandma's compound took the groundnuts she had put out to dry,Ekenyamnyonge kemenyete ase risiko ria baba kiarete chichugu aanekerete isiko,Ekenyamnyonge,Purity,"August 26, 2022",lughayangu,https://lughayangu.com/ekegusii/ekenyamnyonge
Their lineage has a long chin,Ororeri rwabo robwate ekenyinyiro egetambe,Ekenyinyiro,Purity,"August 30, 2022",lughayangu,https://lughayangu.com/ekegusii/ekenyinyiro
The house's roof was dismantled,Ekerama ki'enyomba yaye giatagoretwe,Ekerama,Purity,"September 11, 2022",lughayangu,https://lughayangu.com/ekegusii/ekerama
The cripple that has been begging has started selling biscuits,Ekerema konya gesoberera giachagete kooni ebisuguti,Ekerema,Purity,"October 24, 2022",lughayangu,https://lughayangu.com/ekegusii/ekerema
I felt hungry when I was sitting for my exams,naigwa enchara ekero narenge gokora amatemu,Ekero,Purity,"September 14, 2022",lughayangu,https://lughayangu.com/ekegusii/ekero
The flea jumped from the cat to the dog,Ekerombeta giacharogete korua ase ekemoni gochia esese,Ekerombeta,Purity,"August 26, 2022",lughayangu,https://lughayangu.com/ekegusii/ekerombeta
The students started a maths club,abaorokigwa bachagetie ekeombe ki'esabu,Ekiombe,Purity,"September 6, 2022",lughayangu,https://lughayangu.com/ekegusii/ekiombe
Let's go outside and get fresh air,Togende isiko tobwate embeo,Embeo,Bironga Nyauma,"March 9, 2020",lughayangu,https://lughayangu.com/ekegusii/embeo
"When a tsetse fly bites you, you cannot help but sleep all the time",Ekero embogo yakoromire okoenyora gokorara chinsa chionsi,Embogo,Purity,"August 26, 2022",lughayangu,https://lughayangu.com/ekegusii/embogo
All her shoes are ankle high,ebikoroto biaye bionsi bigoika ase embong'i,Embong'i,Purity,"September 1, 2022",lughayangu,https://lughayangu.com/ekegusii/embongi
Send me fifty shillings,Ntomere emerongo etano,Emerongo etano,Purity,"September 7, 2022",lughayangu,https://lughayangu.com/ekegusii/emerongo-etano
My grandfather is ninety years old,Sokoro abatwe emiaka emorongo kianda,Emerongo kianda,Purity,"September 11, 2022",lughayangu,https://lughayangu.com/ekegusii/emerongo-kianda
he bought land worth one million,Agorete omogondo bw'emirioni eyemo,Emirioni eyemo,Purity,"September 1, 2022",lughayangu,https://lughayangu.com/ekegusii/emirioni-eyemo
once cooked the slender leaves(mto) became very slimy,emitoo ekero yayiete yare korandororoka,Emitoo,Purity,"September 22, 2022",lughayangu,https://lughayangu.com/ekegusii/emitoo
The bamboo grass grows at my grandma's,emoti eamete o baba,Emoti,Purity,"September 22, 2022",lughayangu,https://lughayangu.com/ekegusii/emoti
Kemuma wore a black dress to the funeral,Kemuma abegete eyanga emwamu gochia amatanga,Emwamu,Purity,"September 6, 2022",lughayangu,https://lughayangu.com/ekegusii/emwamu
vine spinach is cooked together with the pumpkin leaves,enderema ekoiyekwa ne risosa,Enderema,Purity,"September 22, 2022",lughayangu,https://lughayangu.com/ekegusii/enderema
The lion is very stubborn,Endo nentindi bobe.,Endo,Annah,"June 26, 2023",lughayangu,https://lughayangu.com/ekegusii/endo
The gazelle was eaten by the lion,Egechure ekiarietwe ne endo,Endo,Annah,"June 26, 2023",lughayangu,https://lughayangu.com/ekegusii/endo
A lion has arrived.,Endo yaikire.,Endo,Annah,"June 26, 2023",lughayangu,https://lughayangu.com/ekegusii/endo
Mother bought three packets of wheat flour,mama agorete amasi y'engano atato,Engano,Purity,"September 22, 2022",lughayangu,https://lughayangu.com/ekegusii/engano
The month of october has thirty one days,Omotienyi bw'eng'atiato obwate amatuko emerongo atato n'emo,Eng'atiato,Purity,"September 6, 2022",lughayangu,https://lughayangu.com/ekegusii/engatiato
They pulled the damaged boat to the shore for repair,Bang'usete obwato bwasaregete gochia engegu korosigwa,Engegu,Purity,"September 7, 2022",lughayangu,https://lughayangu.com/ekegusii/engegu
We were instructed to plant only one bean and one maize seed per hole,twatebetigwe tosimeke eng'ende eyemo ne egetuma ekemo ase engoro,Eng'ende,Purity,"August 30, 2022",lughayangu,https://lughayangu.com/ekegusii/engende
There was a housefly disturbing the baby while asleep,Engi yarenge gochanda omwana karaire,Engi,Purity,"September 1, 2022",lughayangu,https://lughayangu.com/ekegusii/engi
The baboon ate all the bananas,Engoge yariete amatoke onsi,Engoge,Purity,"September 1, 2022",lughayangu,https://lughayangu.com/ekegusii/engoge
Ten years have gone by since the black cow was purchased,Emiaka ikomi yaetire korwa eng'ombe eria emwamu yagoretwe,Eng'ombe,Purity,"August 26, 2022",lughayangu,https://lughayangu.com/ekegusii/engombe
The mole destroyed all the potatoes that were at the farm,Eng'uko yasarieti ebiasi bionsi biarenge mogondo,Eng'uko,Purity,"August 30, 2022",lughayangu,https://lughayangu.com/ekegusii/enguko
It is cold today,Rero ne enkendu,Enkendu,Bironga Nyauma,"October 17, 2019",lughayangu,https://lughayangu.com/ekegusii/enkendu
the tapeworm can live in the intestine for many years,enkene nabo ekomenya emiaka emenge amara ime,Enkene,Purity,"October 24, 2022",lughayangu,https://lughayangu.com/ekegusii/enkene
my kid has a good heart,omwana one abwate onkoro engiya,Enkoro,Purity,"August 30, 2022",lughayangu,https://lughayangu.com/ekegusii/enkoro
A safari ant bit the baby's leg while crawling outside,Ensanako yaromete okogoro kw'omwana orenge koagura isiko,Ensanako,Purity,"August 30, 2022",lughayangu,https://lughayangu.com/ekegusii/ensanako
This cockroach had become a menace,Ensogono eye konya yanchandire,Ensogono,Purity,"August 30, 2022",lughayangu,https://lughayangu.com/ekegusii/ensogono
Fish with Ugali is a very delicious meal,Ensu n'obokima n'endagera egwansa mono,Ensu,Purity,"August 26, 2022",lughayangu,https://lughayangu.com/ekegusii/ensu
My grandfather told me that I will be more intelligent if I eat the fish head.,Sokoro yane antebetie buna ginkori omotwe bwe ensu nario ndamente omongaini.,Ensu,Purity,"August 26, 2022",lughayangu,https://lughayangu.com/ekegusii/ensu
They informed us yesterday that the transmission rates are high in the ten to nineteen age group,Igoro batabete abana b'emiaka ikomi kogenderera mpaka ikomi na kianda nabwo bakoambokerania enyamoreo mono,Enyamoreo,Purity,"October 24, 2022",lughayangu,https://lughayangu.com/ekegusii/enyamoreo
It is HIV/AIDS that has killed them.,Enyamoreo Nero yabaita,Enyamoreo,Purity,"October 24, 2022",lughayangu,https://lughayangu.com/ekegusii/enyamoreo
That hyena does not have one ear,Enyangau eria tebwati goto komo,Enyangau,Purity,"August 26, 2022",lughayangu,https://lughayangu.com/ekegusii/enyangau
Maangi donated his kidney to his son,Maangi nakonya omwana oye omomura enyigo yaye eyemo,Enyigo,Purity,"August 30, 2022",lughayangu,https://lughayangu.com/ekegusii/enyigo
The fighting stick he made yesterday has broken,enyimbo aroseti igoro yabunekire,Enyimbo,Purity,"September 11, 2022",lughayangu,https://lughayangu.com/ekegusii/enyimbo
My house does not have a door.,Enyomba yane tebwati gesieri.,Enyomba,wakaliwao,"August 12, 2019",lughayangu,https://lughayangu.com/ekegusii/enyomba
Her buttock is so jiggly,Enyonga yaye ekonyegera mono,Enyonga,Purity,"August 30, 2022",lughayangu,https://lughayangu.com/ekegusii/enyonga
that girl has got big buttocks,omoiseke ori abwate enyonga enene,Enyonga,Purity,"August 30, 2022",lughayangu,https://lughayangu.com/ekegusii/enyonga
Many youth don't want to get into marriage nowadays,Abasae abange ase bono mbatagetie gosoa ase enywomo,Enywomo,Purity,"August 26, 2022",lughayangu,https://lughayangu.com/ekegusii/enywomo
They used the cooking pan to fry eggs then washed it,bakarangerete amagena ase epani bakamanya konyesibi,Epani,Purity,"September 1, 2022",lughayangu,https://lughayangu.com/ekegusii/epani
They denied Jesus then he was crucified,bamokanete Yeso erio akabambwa,Erio,Purity,"September 14, 2022",lughayangu,https://lughayangu.com/ekegusii/erio
The preacher used the microphone to amplify his voice,Omorandi atumiete rikondo nario eriogi riaye riigueke buya,Eriogi,Purity,"September 1, 2022",lughayangu,https://lughayangu.com/ekegusii/eriogi
Moindi worships God on Saturday,Moindi agosasima Nyasae esabato,Esabato,Purity,"September 6, 2022",lughayangu,https://lughayangu.com/ekegusii/esabato
All of my siblings were born in January,Abana baminto bonsi baiboirwe esagati,Esagati,Purity,"September 11, 2022",lughayangu,https://lughayangu.com/ekegusii/esagati
a lot of papyrus reeds have grown at the spring,esasasti yamerire enyinge ase ensoko,Esasati,Purity,"September 22, 2022",lughayangu,https://lughayangu.com/ekegusii/esasati
The war that was in that country caused many deaths,esegi yarenge ense eria taitete abanto abange,Esegi,Purity,"September 11, 2022",lughayangu,https://lughayangu.com/ekegusii/esegi
He/she started the fight,Achagete esegi,Esegi,Purity,"September 11, 2022",lughayangu,https://lughayangu.com/ekegusii/esegi
Give him/her a cellphone,moe esimi,Esimi,robertny,"October 10, 2019",lughayangu,https://lughayangu.com/ekegusii/esimi
Where is my phone?,Esimi yane ng'ai ere,Esimi,robertny,"October 10, 2019",lughayangu,https://lughayangu.com/ekegusii/esimi
tea cooked with lemon grass has a sweet aroma,echae ebekire etangawisi ebwate rimusu rigiya,Etangawisi,Purity,"September 22, 2022",lughayangu,https://lughayangu.com/ekegusii/etangawisi
The heavy rains caused floods,Embura yatuete enyinge yaretete etoigo,Etoigo,Purity,"September 6, 2022",lughayangu,https://lughayangu.com/ekegusii/etoigo
Floods occur in the month of April,Etoigo nigo ekoba omotienyi okane,Etoigo,Purity,"September 6, 2022",lughayangu,https://lughayangu.com/ekegusii/etoigo
That girl loves plaiting her black hair,Omoiseke ori aanchete komina etuki yaye emwamu,Etuki,Purity,"August 26, 2022",lughayangu,https://lughayangu.com/ekegusii/etuki
My mom has black hair,Mama abwate etuki emwamu,Etuki,Purity,"August 26, 2022",lughayangu,https://lughayangu.com/ekegusii/etuki
Wise people save money for difficult times,Abanto abang'aini nigo bakogacha chipesa ase engencho yechingaki chiobokong'u,Gacha,James Abere,"April 13, 2026",lughayangu,https://lughayangu.com/ekegusii/gacha
They wore yellow dresses to the wedding,babegete chianga chire gesicha gochia enyangi,Gesicha,Purity,"September 1, 2022",lughayangu,https://lughayangu.com/ekegusii/gesicha
Emma went to the market,Emma agenda gochia echiro,Gochia,Purity,"September 14, 2022",lughayangu,https://lughayangu.com/ekegusii/gochia
We wrote the book until the end,twarika egetabu gioka omoerio,Goika,Purity,"September 14, 2022",lughayangu,https://lughayangu.com/ekegusii/goika
Tell me when you arrive,Ntebi kere o goika,Goika,Purity,"September 14, 2022",lughayangu,https://lughayangu.com/ekegusii/goika
Should we buy soda or milk?,Togore esota gose amabere?,Gose,Purity,"September 14, 2022",lughayangu,https://lughayangu.com/ekegusii/gose
The teacher asked her kids to help tear old papers,Omwarimu arangeretie abana baye bamokonye gotandora amasakara amagotu,Gotandora,Purity,"August 26, 2022",lughayangu,https://lughayangu.com/ekegusii/gotandora
Have a seat over there,Ikaransa iga abwo,Ikaransa,Bironga Nyauma,"October 17, 2019",lughayangu,https://lughayangu.com/ekegusii/ikaransa
they have ten chairs,abwate ebirogo ikomi,Ikomi,Purity,"September 11, 2022",lughayangu,https://lughayangu.com/ekegusii/ikomi
They are hiding in the house,baebisete ime y'enyomba,Ime ya,Purity,"September 14, 2022",lughayangu,https://lughayangu.com/ekegusii/ime-ya
I do not want to go for a walk,Inche tintageti kogenda gotara,Inche,Purity,"September 14, 2022",lughayangu,https://lughayangu.com/ekegusii/inche
he thinks everyone is beneath him,akagerete kera omonto are inse yaye,Inse yaye,Purity,"September 14, 2022",lughayangu,https://lughayangu.com/ekegusii/inse-yaye
We tilled our farm,intwe ntwarema omogondo oito,Intwe,Purity,"September 14, 2022",lughayangu,https://lughayangu.com/ekegusii/intwe
The baby threw her food towards the ceiling,Omwana arutete endagera yaye gochia irongo,Irongo,Purity,"September 6, 2022",lughayangu,https://lughayangu.com/ekegusii/irongo
Hand me five plates,ing'ereri chisani isano,Isano,Purity,"September 7, 2022",lughayangu,https://lughayangu.com/ekegusii/isano
The student was told to count to eight,Omworokigwa atebetigwe abare aike isano isato,Isano isato,Purity,"September 6, 2022",lughayangu,https://lughayangu.com/ekegusii/isano-isato
They were given seven strokes of the cane,baitetwe ebiboko isano na ibere,Isano na ibere,Purity,"September 6, 2022",lughayangu,https://lughayangu.com/ekegusii/isano-na-ibere
Maria bought six lemons,Maria agorete amatunda amaroro isano nemo,Isano nemo,Purity,"September 6, 2022",lughayangu,https://lughayangu.com/ekegusii/isano-nemo
My sister-in-law has travelled back home,Kamati yane oiranire inka,Kamati yane,Purity,"September 11, 2022",lughayangu,https://lughayangu.com/ekegusii/kamati-yane
My uncle was told the cancer has caused his weight loss when he visited the hospital,mame achiete nyagitari agatebigwa kansa nero yamoreirie,Kansa,Purity,"October 24, 2022",lughayangu,https://lughayangu.com/ekegusii/kansa
People have developed a liking for the yellow beans recently,abanto rero iga baanchete ching'ende kenagwa,Kenagwa,Purity,"September 22, 2022",lughayangu,https://lughayangu.com/ekegusii/kenagwa
Throw away that cup,tuguta egekombe keria,Keria,Purity,"September 14, 2022",lughayangu,https://lughayangu.com/ekegusii/keria
Mokua is older than Moraa,Mokua n'omonene kobua Moraa,Kobua,Purity,"September 14, 2022",lughayangu,https://lughayangu.com/ekegusii/kobua
"Whether you use the tarmac or all weather road,the distance is the same","Komorabe mwaetere epara y'erami gose eyomoramu,chionsi chireng'aine obotambe",Komorabe,Purity,"September 14, 2022",lughayangu,https://lughayangu.com/ekegusii/komorabe
His digging ain't bad,Korema kwaye Kori bobe,Korema,Zedekiah,"September 3, 2022",lughayangu,https://lughayangu.com/ekegusii/korema
We cooked but the visitors were a no show,twaruga korende bageni mbacheti,Korende,Purity,"September 14, 2022",lughayangu,https://lughayangu.com/ekegusii/korende
You get disgusted when you see someone else vomiting,gokorora omonto onde gakoroka okogaragarigwa,Koroka,Purity,"October 24, 2022",lughayangu,https://lughayangu.com/ekegusii/koroka
They have always been in high spirits from childhood,baanchete goseka korwa barenge abana,Korwa,Purity,"September 14, 2022",lughayangu,https://lughayangu.com/ekegusii/korwa
Those girls have been coughing from yesterday,abaiseke bari bakororire korwa igoro,Korwa,Purity,"September 14, 2022",lughayangu,https://lughayangu.com/ekegusii/korwa
I do not want to argue right now,Tintageti kuomona bono iga,Kuomana,Bironga Nyauma,"March 9, 2020",lughayangu,https://lughayangu.com/ekegusii/kuomana
She washed all the sufurias before starting to prepare the food,magega,Maega,Purity,"July 23, 2026",lughayangu,https://lughayangu.com/ekegusii/maega
Back- furthest from front,Genda magega,Magega,Bironga Nyauma,"March 9, 2020",lughayangu,https://lughayangu.com/ekegusii/magega
Go to the back,#Go,Magega,Bironga Nyauma,"March 9, 2020",lughayangu,https://lughayangu.com/ekegusii/magega
She washed all the sufurias before starting to prepare the food,Maega,Magega,Bironga Nyauma,"March 9, 2020",lughayangu,https://lughayangu.com/ekegusii/magega
I am fine my leader.,Mbuya inde omoisia,Mbuya inde,Obiri,"July 23, 2019",lughayangu,https://lughayangu.com/ekegusii/mbuya-inde
"Children of God,how are you?",Abana va nyasaye mbya more?,Mbya more?,Anonymous,"March 7, 2024",lughayangu,https://lughayangu.com/ekegusii/mbya-more
They will come at noon/midday,Nigo barache chinsa chia mobasogati,Mobasogati,James Abere,"April 13, 2026",lughayangu,https://lughayangu.com/ekegusii/mobasogati
Mogambi built the houses we just saw,Chinyomba chiria twarora Mogambi oagacha,Mogambi,Purity,"November 6, 2022",lughayangu,https://lughayangu.com/ekegusii/mogambi
Let's meet tomorrow at noon,Tonyorane ankio mogaso gati,Mogaso gati,Purity,"September 6, 2022",lughayangu,https://lughayangu.com/ekegusii/mogaso-gati
Mogotu is ten years old,Mogotu abwate emiaka ikomi,Mogotu,Purity,"November 7, 2022",lughayangu,https://lughayangu.com/ekegusii/mogotu
The second month of the year is called February,Omotienyi o'kabere bw'omwaka okorokwa manuguno obarema,Monuguno obarema,Purity,"September 6, 2022",lughayangu,https://lughayangu.com/ekegusii/monuguno-obarema
My sister moved to her house that she built,Mosubati ominto ang'anyete gochia enyomba yaye aagacha,Mosubati ominto,Purity,"September 6, 2022",lughayangu,https://lughayangu.com/ekegusii/mosubati-ominto
They prepared Ugali and vegetables,barosi obokima na boigo ching'eni,Na boigo,Purity,"September 14, 2022",lughayangu,https://lughayangu.com/ekegusii/na-boigo
we went to church and also the market,twagenda ekanisa nabo igo echiro,Nabo igo,Purity,"September 14, 2022",lughayangu,https://lughayangu.com/ekegusii/nabo-igo
I am yet to finish the assigned work,naisire gokora egasi naegwa,Naisire,Purity,"September 14, 2022",lughayangu,https://lughayangu.com/ekegusii/naisire
I don't have money,Naki mwarare nagi nagita mbuyare.,Naki,Anonymous,"July 21, 2022",lughayangu,https://lughayangu.com/ekegusii/naki
What's up today with this cow,Naki ere rero n'engombe eye,Naki ere,Purity,"September 6, 2022",lughayangu,https://lughayangu.com/ekegusii/naki-ere
"How are you, my leader?",Naki ogeteba Omorai?,Naki ogeteba,Obiri,"July 23, 2019",lughayangu,https://lughayangu.com/ekegusii/naki-ogeteba
We woke very early so that we don't miss the morning vehicle,Twoboka egentuko nario toikere egari,Nario,Purity,"September 14, 2022",lughayangu,https://lughayangu.com/ekegusii/nario
Why are you fighting?,Nase ki mokorwana?,Nase ki,Purity,"September 14, 2022",lughayangu,https://lughayangu.com/ekegusii/nase-ki
who carried my books?,ning'o obogori ebitabu biane?,Ning'o,Purity,"September 14, 2022",lughayangu,https://lughayangu.com/ekegusii/ningo
I will beat you badly,Nkogwaka bobe,Nkogwaka,Bironga Nyauma,"October 17, 2019",lughayangu,https://lughayangu.com/ekegusii/nkogwaka
You look good my love,Omwanchi nkororete buya,Nkororete buya,Anonymous,"April 13, 2023",lughayangu,https://lughayangu.com/ekegusii/nkororete-buya
"Although I don't have money now, I will not sleep hungry","Nonya timbwati pesa bono, tinkorara nchara",Nonya,James Abere,"April 13, 2026",lughayangu,https://lughayangu.com/ekegusii/nonya
They do not hear me calling them even if I shout,Mbarikoigwa ginkobarangeria nonya nekero natiororokire,Nonya nekero,Purity,"September 14, 2022",lughayangu,https://lughayangu.com/ekegusii/nonya-nekero
God is good all the time,Nyasaye n'omuya amatuk 'onsi,Nyasaye n'omuya,Anonymous,"March 12, 2024",lughayangu,https://lughayangu.com/ekegusii/nyasaye-nomuya
The chicken eggs fell on the floor,Amagena y'omosu agwete nyomba inse,Nyomba inse,Purity,"September 6, 2022",lughayangu,https://lughayangu.com/ekegusii/nyomba-inse
The brain plays many roles in the human body,Obongo bogokora egasi enyinge ase omobere o mwanyabanto,Obongo,Purity,"August 30, 2022",lughayangu,https://lughayangu.com/ekegusii/obongo
The cow ate the short grass,eng'ombe yariete obonyansi obweng'e,Obonyansi,Purity,"September 22, 2022",lughayangu,https://lughayangu.com/ekegusii/obonyansi
She does not have children because she has a miscarriage every time the pregnancy gets to three months.,tabwatie bana ekiagera oborito bokorwa kera engaki aikirie emetinyi eteto,Oborito korwa,Purity,"October 24, 2022",lughayangu,https://lughayangu.com/ekegusii/oborito-korwa
My grandfather suffers from brucellosis,Sokoro abwate oborwaire bw'amabere,Oborwaire bw'amabere,Purity,"October 24, 2022",lughayangu,https://lughayangu.com/ekegusii/oborwaire-bwamabere
Typhoid killed her kid,oborwaire bw'amache bwaitete omwana oye,Oborwaire bw'amache,Purity,"October 24, 2022",lughayangu,https://lughayangu.com/ekegusii/oborwaire-bwamache
Mireri has had athritis for five years,Mireri omenyire n'oborwaire bwechinengo emiaka etano,Oborwaire bwechinengo,Purity,"October 24, 2022",lughayangu,https://lughayangu.com/ekegusii/oborwaire-bwechinengo
Their dog was killed by rabies,Esese yabo yaitetwe igoro y'oborwaire bw'echisese,Oborwaire bw'echisese,Purity,"October 24, 2022",lughayangu,https://lughayangu.com/ekegusii/oborwaire-bwechisese
The diabetes medication damaged his kidney,Amariogo y'oborwaire bw'esukari asari ekebocha,Oborwaire bw'esukari,Purity,"October 24, 2022",lughayangu,https://lughayangu.com/ekegusii/oborwaire-bwesukari
"If diagonised with sleeping sickness , you cannot live the quality of life you want",otoke kobwate oborwaire bw'okorara tokonyara komenya bogima bwao buna otagete,Oborwaire bw'okorara,Purity,"October 24, 2022",lughayangu,https://lughayangu.com/ekegusii/oborwaire-bwokorara
We have run out of maize flour,Obosi bw'ebituma bwaerire,Obosi,Purity,"September 11, 2022",lughayangu,https://lughayangu.com/ekegusii/obosi
Kemuma applied oil to the baby's face which made it shiny,Kemuma a'agete obosio bw'omwana amabuta bokarigenta,Obosio,Purity,"August 30, 2022",lughayangu,https://lughayangu.com/ekegusii/obosio
Do not give yourselves into slavery to sin.,Timosoa obosomba bw'ebibe.,Obosomba,Jackson Onchwari,"May 10, 2026",lughayangu,https://lughayangu.com/ekegusii/obosomba
The love of God is great,Obwanchani bwa nyasae nobonge.,Obwanchani,Calvin omambia,"October 6, 2022",lughayangu,https://lughayangu.com/ekegusii/obwanchani
That girl coughed until she vomited,Omoiseke oria akorora mpaka oroka,Ogokorora,Purity,"October 24, 2022",lughayangu,https://lughayangu.com/ekegusii/ogokorora
The person with pus in their ear was given medicine,omonto obwate amaira ase ogoto kwaye naetwe eriogo,Ogoto,Purity,"September 1, 2022",lughayangu,https://lughayangu.com/ekegusii/ogoto
The students were instructed to bow when they see the president,Abaorokigwa bonsi batebigwa batugame bakorora omorai bw'ense,Ogotugama,Purity,"September 7, 2022",lughayangu,https://lughayangu.com/ekegusii/ogotugama
Oira took an oath to only serve God,Oira naria eira yokomobaka Nyasae,Oira,Purity,"November 7, 2022",lughayangu,https://lughayangu.com/ekegusii/oira
The arm is tired,Okoboko kwarosire,Okoboko,Purity,"September 1, 2022",lughayangu,https://lughayangu.com/ekegusii/okoboko
How is it that you look familiar to that man?,Naki yaba nakobwekania n' omomura ori,Okobwekania,Quenton,"May 23, 2026",lughayangu,https://lughayangu.com/ekegusii/okobwekania
A doctor that has many years of experience makes a good diagnosis,omonyagitari orwaririe emiaka emenge nere omanyete korenga oborwaire buya,Okorengwa,Purity,"October 24, 2022",lughayangu,https://lughayangu.com/ekegusii/okorengwa
What are the symptoms of jaundice?,Naki oborwaire bw'oroima bokororekana?,Okororekana,Purity,"October 24, 2022",lughayangu,https://lughayangu.com/ekegusii/okororekana
He is not a bad person,Tari omonto omobe,Omobe,Bironga Nyauma,"March 9, 2020",lughayangu,https://lughayangu.com/ekegusii/omobe
Keremensia's body will be buried tomorrow,Omobere o Keremensia mambi okoenigwa,Omobere,Purity,"August 30, 2022",lughayangu,https://lughayangu.com/ekegusii/omobere
white rice is not as expensive as brown rice,omochere omorabu tori rigori buna oyomaraba,Omochere,Purity,"September 22, 2022",lughayangu,https://lughayangu.com/ekegusii/omochere
maria cooked for her husband's guests,Maria arugerete abageni b'omogaka oye,Omogaka,Purity,"September 11, 2022",lughayangu,https://lughayangu.com/ekegusii/omogaka
Aloe vera is very bitter medicine,omogaka n'eriogo riroro,Omogaka,Purity,"September 11, 2022",lughayangu,https://lughayangu.com/ekegusii/omogaka
The leader has come,Omogambi ochire,Omogambi,robertny,"July 18, 2019",lughayangu,https://lughayangu.com/ekegusii/omogambi
The chief was called to settle a dispute,Omogambi arangeretigwe agambe ekina,Omogambi,robertny,"July 18, 2019",lughayangu,https://lughayangu.com/ekegusii/omogambi
The cooking stick broke while preparing ugali,Omogango obunegete gakorosia obokima,Omogango,Anonymous,"September 6, 2022",lughayangu,https://lughayangu.com/ekegusii/omogango
"The wooden cooking stick I was using, has broken at the middle.",Omogango nare korugera obunekire Gati gati,Omogango,Anonymous,"September 6, 2022",lughayangu,https://lughayangu.com/ekegusii/omogango
Have some tea with bread,Kanyu echai na omogate,Omogate,Bironga Nyauma,"October 17, 2019",lughayangu,https://lughayangu.com/ekegusii/omogate
The african baobab is big,omogumo ore omonene,Omogumo,Purity,"September 1, 2022",lughayangu,https://lughayangu.com/ekegusii/omogumo
They have been instructed to be accompanied by a parent when reporting back to school,Batebigwa bagende n'omoibori bakoirana esukuru,Omoibori,Purity,"September 11, 2022",lughayangu,https://lughayangu.com/ekegusii/omoibori
That girl is dancing,Omoiseke oria agotenga,Omoiseke,Zedekiah,"August 24, 2022",lughayangu,https://lughayangu.com/ekegusii/omoiseke
Only one girl passed the just concluded exams,omoiseke oyomo bweka oetete amatemu akoretwe y'omoerio,Omoiseke,Zedekiah,"August 24, 2022",lughayangu,https://lughayangu.com/ekegusii/omoiseke
This lad is nice,Omoisia oyo nomuya,omoisia,robertny,"July 14, 2019",lughayangu,https://lughayangu.com/ekegusii/omoisia
A Killer is a bad person,Omoiti nomonto omobe,Omoiti,Davis Omari,"May 4, 2023",lughayangu,https://lughayangu.com/ekegusii/omoiti
Most people rest on Sunday,Abanto abange bakotimoka omokubio,Omokubio,Purity,"August 26, 2022",lughayangu,https://lughayangu.com/ekegusii/omokubio
The boy that was herding the cows has not returned,Omomora ogenda korisia chimg'ombe tarairana,Omomura,Purity,"September 11, 2022",lughayangu,https://lughayangu.com/ekegusii/omomura
The boy has gone there,Omomura ochire igarii,Omomura,Purity,"September 11, 2022",lughayangu,https://lughayangu.com/ekegusii/omomura
The house was painted a purple colour,enyomba yaye yaagetwe erangi emonyinga,Omonyinga,Purity,"September 7, 2022",lughayangu,https://lughayangu.com/ekegusii/omonyinga
our leader informed us that we could not all go visit the patient because he had been moved to a hospital that was far away,twatebetigwe n'omorai titokonyara kogenda twensi korora omorwaire ekiagera ang'anyetigwe gochia enyagitari yende ere are,Omorai,Purity,"September 7, 2022",lughayangu,https://lughayangu.com/ekegusii/omorai
Hunger was brought about by the drought that spoilt all the food in the farms,Enchara yaretwa n'omorakera osari endagera mogondo,Omorakera,Purity,"September 6, 2022",lughayangu,https://lughayangu.com/ekegusii/omorakera
The preacher refused to eat beef,Omorandi aangete koria enyama y'engombe,Omorandi,Purity,"September 6, 2022",lughayangu,https://lughayangu.com/ekegusii/omorandi
A preacher from Baptist church will preach to us next Sunday,Omorandia korwa ekanisa ya Baptist nere oratoranderie Jumapili egocha,Omorandia,James Abere,"April 13, 2026",lughayangu,https://lughayangu.com/ekegusii/omorandia
the thorn apple plant has grown along the road,omoratora oamire para onsi,Omoratora,Purity,"September 22, 2022",lughayangu,https://lughayangu.com/ekegusii/omoratora
All the leaders urged the citizens to live in peace during the electioneering period,Abarai bonsi basabete abanto bamenye n'omorembe chingaki echi chiechikura,Omorembe,Purity,"September 7, 2022",lughayangu,https://lughayangu.com/ekegusii/omorembe
Fire lilies are used as traditional medicine to treat babies,omorero bw'enyangau n'eriogo ri'abana,Omorero bw'enyangau,Purity,"September 22, 2022",lughayangu,https://lughayangu.com/ekegusii/omorero-bwenyangau
Maria was awarded a sword at work,Maria aegwa omoro bw'esegi ase egasi yaye,Omoro bw'esegi,Purity,"September 11, 2022",lughayangu,https://lughayangu.com/ekegusii/omoro-bwesegi
He was completely fatigued after completing tilling the land,arenge omoroso bweka ekero akorete korema,Omoroso,Purity,"October 24, 2022",lughayangu,https://lughayangu.com/ekegusii/omoroso
The patient died yesterday evening,Omorwaire asirete igoro magoroba,Omorwaire,Purity,"September 6, 2022",lughayangu,https://lughayangu.com/ekegusii/omorwaire
Luka is afraid of speaking infront of a crowd,luka aoboete gokwana bosio bw'omosangererekano,Omosangererekano,Purity,"September 11, 2022",lughayangu,https://lughayangu.com/ekegusii/omosangererekano
I was served a bone that had bone marrow,Nabekeretwe riuga ribwate omoseto,Omoseto,Purity,"September 1, 2022",lughayangu,https://lughayangu.com/ekegusii/omoseto
I have a policeman who does not remove his cap when he is working,Nimbwate omosigari otari korusia gobia kagokora emeremo.,omosigari,wakaliwao,"August 12, 2019",lughayangu,https://lughayangu.com/ekegusii/omosigari
It's me who planted that Erythrina abyssinica in the garden,Ninche nasimegete omotembe oyu mogondo,Omotembe,Evanson Onyinkx,"April 3, 2024",lughayangu,https://lughayangu.com/ekegusii/omotembe
They ate jute mallow with ugali,bariete omotere n'obokima,Omotere,Purity,"September 22, 2022",lughayangu,https://lughayangu.com/ekegusii/omotere
I got smooth girl,Nanyorete omoiseke omoterere,Omoterere,Anonymous,"February 2, 2023",lughayangu,https://lughayangu.com/ekegusii/omoterere
There is a full moon today.,rero omotienyi ore omogima,Omotienyi,Purity,"September 6, 2022",lughayangu,https://lughayangu.com/ekegusii/omotienyi
It was so windy that the roofs were blown off houses,Omwaga orenge omonge okabogoria ebirama bi'abanto,Omwaga,Purity,"September 7, 2022",lughayangu,https://lughayangu.com/ekegusii/omwaga
The student passed all the exams,OMworokigwa aetete amatemu aye onsi,Omworokigwa,Purity,"September 6, 2022",lughayangu,https://lughayangu.com/ekegusii/omworokigwa
Put on some heavy clothing if you do not want to be cold,beka chianga chindito onye totageti koigwa bokendu,Onye,Purity,"September 14, 2022",lughayangu,https://lughayangu.com/ekegusii/onye
he will not give me food unless I clear my debt,tarikong'a ndagera onye tindamwakana edeni,Onye,Purity,"September 14, 2022",lughayangu,https://lughayangu.com/ekegusii/onye
take this patient to the hospital otherwise she will die,ira omorwaire oyo nyagitari onya taribo ngosira are,Onye taribo,Purity,"September 14, 2022",lughayangu,https://lughayangu.com/ekegusii/onye-taribo
The spleen helps the body in filtering the blood,oroima rogokonya omobere gosibi amanyinga,Oroima,Purity,"August 30, 2022",lughayangu,https://lughayangu.com/ekegusii/oroima
Some babies are born with jaundice,ebing'werere binde bikoiborwa n'oroima,Oroima,Purity,"August 30, 2022",lughayangu,https://lughayangu.com/ekegusii/oroima
Her husband sent her away after polio disabled their son,omogaka oye amosereti ekero porio yaremaria omwana obo omomura,Porio,Purity,"October 24, 2022",lughayangu,https://lughayangu.com/ekegusii/porio
"When he was taken to the hospiatl,they gave him an injection to bring the fever down before proceeding with treatment",ekero airetwe nyagitari atongetwe eriogo gokei riberera nario bachake komorwaria,Riberera,Purity,"October 24, 2022",lughayangu,https://lughayangu.com/ekegusii/riberera
A mango was thrown away from one bunch,Riembe erimo nditugutetwe korwa egetuse ekemo,Riembe,Purity,"September 6, 2022",lughayangu,https://lughayangu.com/ekegusii/riembe
I bought a mango,nagorete riembe,Riembe,Purity,"September 6, 2022",lughayangu,https://lughayangu.com/ekegusii/riembe
My mom removed a big tick from the and threw it in the fire,Mama arusetie rigecha rinene ase eng'ombe akariruta riko,Rigecha,Purity,"August 26, 2022",lughayangu,https://lughayangu.com/ekegusii/rigecha
I found a very big tick on the cow's head,Nanyorete rigecha rinene ase omotwe bw'eng'ombe,Rigecha,Purity,"August 26, 2022",lughayangu,https://lughayangu.com/ekegusii/rigecha
The first day of the month of April is when people prank one another,Rituko ritang'ani ri'omotienyi o rigwata nario abanto bakong'ainana,Rigwata,Purity,"September 7, 2022",lughayangu,https://lughayangu.com/ekegusii/rigwata
Grandmother made a rope using sisal,magokoro aroseti omogoye bwe rikonge,Rikonge,Purity,"September 22, 2022",lughayangu,https://lughayangu.com/ekegusii/rikonge
The kids have the common cold,abana bonsi babwate rikuba,Rikuba,Purity,"October 24, 2022",lughayangu,https://lughayangu.com/ekegusii/rikuba
A lot of stress has caused her ulcers,Ebirengeri ebinge biamoreteire rikwarimo,Rikwarimo,Purity,"October 24, 2022",lughayangu,https://lughayangu.com/ekegusii/rikwarimo
The kidney beans grew near the bananas,rinoe riama ange ne ritoke,Rinoe,Purity,"September 22, 2022",lughayangu,https://lughayangu.com/ekegusii/rinoe
Maisiba found a large centipede while tilling the land,Maisiba anyorete rinyamara rinene ekero arenge korema,Rinyamara,Purity,"August 26, 2022",lughayangu,https://lughayangu.com/ekegusii/rinyamara
a millipede has many legs,Rinyamara ribwate amagoro amange,Rinyamara,Purity,"August 26, 2022",lughayangu,https://lughayangu.com/ekegusii/rinyamara
Momanyi's stomach got swollen after eating a raw sweet potato,Momanyi ariete rirabwoni ribese enda ekaresana,Rirabwoni,Purity,"September 22, 2022",lughayangu,https://lughayangu.com/ekegusii/rirabwoni
The young man that was carrying the bricks has complained that his shoulder hurts,Omosae orenge kobogoria amatobori otebire rireko riaye riaigure bororo,Rireko,Purity,"August 26, 2022",lughayangu,https://lughayangu.com/ekegusii/rireko
That old man has trouble walking because of the boil on his knee,Omogaka oria osinyiru gotara ekiagera abwate ekenyabororo ase riru riaye,Riru,Purity,"September 1, 2022",lughayangu,https://lughayangu.com/ekegusii/riru
A cobra is a snake feared by all,Rirubi N'engiti eoboirwe na bonsi,Rirubi,Purity,"August 30, 2022",lughayangu,https://lughayangu.com/ekegusii/rirubi
It was so foggy when we woke up in the morning that visibility was limited,Ekero twaboka mambi rirumbe riarenge isiko otanyare korora are,Rirumbe,Purity,"September 6, 2022",lughayangu,https://lughayangu.com/ekegusii/rirumbe
Cholera is a dangerous disease,risabeso n'oborwaire obobe mono,Risabeso,Purity,"October 24, 2022",lughayangu,https://lughayangu.com/ekegusii/risabeso
A nail scratched that girl's skin,Omosumari n'oarete risanku ri'omoiseke oria,Risanku,Purity,"August 30, 2022",lughayangu,https://lughayangu.com/ekegusii/risanku
She was instructed to an infusion of ground stinging nettle to cleanse her blood,atebetigwe anywe rise risibi amanyinga,Rise,Purity,"September 22, 2022",lughayangu,https://lughayangu.com/ekegusii/rise
they gave them stinging nettle as vegatables,babaete rise buna chingeni,Rise,Purity,"September 22, 2022",lughayangu,https://lughayangu.com/ekegusii/rise
The Abagusii that border the Maasai own spears,Abagusii bamenyete ange n'abamanyi babwate amatimo,Ritimo,Purity,"September 7, 2022",lughayangu,https://lughayangu.com/ekegusii/ritimo
The big stem produced a lot of timber,ritina rinene riaruseti chibao chinyinge,Ritina,Purity,"September 22, 2022",lughayangu,https://lughayangu.com/ekegusii/ritina
She gave everyone one passion,abagerete kera omonto ritindogoro erimo,Ritindogoro,Purity,"September 1, 2022",lughayangu,https://lughayangu.com/ekegusii/ritindogoro
A banana leaf is big,rito rieritoke rire rinene,Rito,Purity,"September 22, 2022",lughayangu,https://lughayangu.com/ekegusii/rito
She added lemon to the porridge,abegete ritunda riroro ase erongori,Ritunda riroro,Purity,"September 1, 2022",lughayangu,https://lughayangu.com/ekegusii/ritunda-riroro
My father loves reading every morning,Tata aanchete gosoma kere emambia,Tata,Purity,"September 11, 2022",lughayangu,https://lughayangu.com/ekegusii/tata
My father-in-law is diabetic,Tata biara abwate oborwaire bw'esukari,Tata biara,Purity,"September 6, 2022",lughayangu,https://lughayangu.com/ekegusii/tata-biara
The boys were circumcised on Friday,Abamura basaretwe tichi gatano,Tichi gatano,Purity,"September 6, 2022",lughayangu,https://lughayangu.com/ekegusii/tichi-gatano
We were rained on on tuesday,embura yatotwererete tichi kabere,Tichi kabere,Purity,"September 7, 2022",lughayangu,https://lughayangu.com/ekegusii/tichi-kabere
Maria and Moraa's birthdays are in September,Amatuko y'okoiborwa ya Maria na Moraa are tureti ya kebaki,Tureti ya kebaki,Purity,"August 26, 2022",lughayangu,https://lughayangu.com/ekegusii/tureti-ya-kebaki
Their work is difficult,Egasi yabo n'enkong'u,Yabo,Purity,"September 14, 2022",lughayangu,https://lughayangu.com/ekegusii/yabo
Our house has been constructed,Enyomba yaito yakorire kwagachwa,Yaito,Purity,"September 14, 2022",lughayangu,https://lughayangu.com/ekegusii/yaito
She/he said that they should buy her/his red pen,atebete bamogorere ekeramu yaye embariri,Yaye,Purity,"September 14, 2022",lughayangu,https://lughayangu.com/ekegusii/yaye
She bought only one tomato,agora enyanya eyemo yoka,Yoka,Purity,"September 14, 2022",lughayangu,https://lughayangu.com/ekegusii/yoka
